Internal Server Error: /api/superadmin/register/
"POST /api/superadmin/register/ HTTP/1.1" 500 1957
Internal Server Error: /auth/register/
"POST /auth/register/ HTTP/1.1" 500 79
Internal Server Error: /auth/register/
"POST /auth/register/ HTTP/1.1" 500 130
Internal Server Error: /auth/register/
"POST /auth/register/ HTTP/1.1" 500 94
Internal Server Error: /auth/register/
"POST /auth/register/ HTTP/1.1" 500 94
Internal Server Error: /auth/register/
"POST /auth/register/ HTTP/1.1" 500 94
Internal Server Error: /auth/register/
"POST /auth/register/ HTTP/1.1" 500 94
Internal Server Error: /authV1/thisismeprivateisaac/register/
Traceback (most recent call last):
  File "D:\_luminan\venv\Lib\site-packages\django\core\handlers\exception.py", line 55, in inner
    response = get_response(request)
  File "D:\backend_luminan\venv\Lib\site-packages\django\core\handlers\base.py", line 197, in _get_response
    response = wrapped_callback(request, *callback_args, **callback_kwargs)
  File "D:\backend_luminan\venv\Lib\site-packages\django\views\decorators\csrf.py", line 65, in _view_wrapper
    return view_func(request, *args, **kwargs)
  File "D:\backend_luminan\venv\Lib\site-packages\django\views\generic\base.py", line 105, in view
    return self.dispatch(request, *args, **kwargs)
           ~~~~~~~~~~~~~^^^^^^^^^^^^^^^^^^^^^^^^^^
  File "D:\backend_luminan\venv\Lib\site-packages\rest_framework\views.py", line 515, in dispatch
    response = self.handle_exception(exc)
  File "D:\backend_luminan\venv\Lib\site-packages\rest_framework\views.py", line 475, in handle_exception
    self.raise_uncaught_exception(exc)
    ~~~~~~~~~~~~~~~~~~~~~~~~~~~~~^^^^^
  File "D:\backend_luminan\venv\Lib\site-packages\rest_framework\views.py", line 486, in raise_uncaught_exception
    raise exc
  File "D:\backend_luminan\venv\Lib\site-packages\rest_framework\views.py", line 512, in dispatch
    response = handler(request, *args, **kwargs)
  File "D:\backend_luminan\venv\Lib\site-packages\rest_framework\decorators.py", line 50, in handler
    return func(*args, **kwargs)
  File "D:\backend_luminan\myapp\views.py", line 208, in register_user
    errors = validate_registration_data(data)
  File "D:\backend_luminan\myapp\views.py", line 183, in validate_registration_data
    if 'email' in data and data['email'] and not re.match(r"[^@]+@[^@]+\.[^@]+", data['email']):
                                                 ^^
NameError: name 're' is not defined. Did you forget to import 're'?
"POST /authV1/thisismeprivateisaac/register/ HTTP/1.1" 500 145
Internal Server Error: /authV1/thisismeprivateisaac/register/
Traceback (most recent call last):
  File "D:\backend_luminan\venv\Lib\site-packages\django\core\handlers\exception.py", line 55, in inner
    response = get_response(request)
  File "D:\backend_luminan\venv\Lib\site-packages\django\core\handlers\base.py", line 197, in _get_response
    response = wrapped_callback(request, *callback_args, **callback_kwargs)
  File "D:\backend_luminan\venv\Lib\site-packages\django\views\decorators\csrf.py", line 65, in _view_wrapper
    return view_func(request, *args, **kwargs)
  File "D:\backend_luminan\venv\Lib\site-packages\django\views\generic\base.py", line 105, in view
    return self.dispatch(request, *args, **kwargs)
           ~~~~~~~~~~~~~^^^^^^^^^^^^^^^^^^^^^^^^^^
  File "D:\backend_luminan\venv\Lib\site-packages\rest_framework\views.py", line 515, in dispatch
    response = self.handle_exception(exc)
  File "D:\backend_luminan\venv\Lib\site-packages\rest_framework\views.py", line 475, in handle_exception
    self.raise_uncaught_exception(exc)
    ~~~~~~~~~~~~~~~~~~~~~~~~~~~~~^^^^^
  File "D:\backend_luminan\venv\Lib\site-packages\rest_framework\views.py", line 486, in raise_uncaught_exception
    raise exc
  File "D:\backend_luminan\venv\Lib\site-packages\rest_framework\views.py", line 512, in dispatch
    response = handler(request, *args, **kwargs)
  File "D:\backend_luminan\venv\Lib\site-packages\rest_framework\decorators.py", line 50, in handler
    return func(*args, **kwargs)
  File "D:\backend_luminan\myapp\views.py", line 208, in register_user
    errors = validate_registration_data(data)
  File "D:\backend_luminan\myapp\views.py", line 183, in validate_registration_data
    if 'email' in data and data['email'] and not re.match(r"[^@]+@[^@]+\.[^@]+", data['email']):
                                                 ^^
NameError: name 're' is not defined. Did you forget to import 're'?
"POST /authV1/thisismeprivateisaac/register/ HTTP/1.1" 500 145
Internal Server Error: /authV1/register/
Traceback (most recent call last):
  File "D:\backend_luminan\venv\Lib\site-packages\django\core\handlers\exception.py", line 55, in inner
    response = get_response(request)
  File "D:\backend_luminan\venv\Lib\site-packages\django\core\handlers\base.py", line 197, in _get_response
    response = wrapped_callback(request, *callback_args, **callback_kwargs)
  File "D:\backend_luminan\venv\Lib\site-packages\django\views\decorators\csrf.py", line 65, in _view_wrapper
    return view_func(request, *args, **kwargs)
  File "D:\backend_luminan\venv\Lib\site-packages\django\views\generic\base.py", line 105, in view
    return self.dispatch(request, *args, **kwargs)
           ~~~~~~~~~~~~~^^^^^^^^^^^^^^^^^^^^^^^^^^
  File "D:\backend_luminan\venv\Lib\site-packages\rest_framework\views.py", line 515, in dispatch
    response = self.handle_exception(exc)
  File "D:\backend_luminan\venv\Lib\site-packages\rest_framework\views.py", line 475, in handle_exception
    self.raise_uncaught_exception(exc)
    ~~~~~~~~~~~~~~~~~~~~~~~~~~~~~^^^^^
  File "D:\backend_luminan\venv\Lib\site-packages\rest_framework\views.py", line 486, in raise_uncaught_exception
    raise exc
  File "D:\backend_luminan\venv\Lib\site-packages\rest_framework\views.py", line 512, in dispatch
    response = handler(request, *args, **kwargs)
  File "D:\backend_luminan\venv\Lib\site-packages\rest_framework\decorators.py", line 50, in handler
    return func(*args, **kwargs)
  File "D:\backend_luminan\myapp\views.py", line 208, in register_user
    errors = validate_registration_data(data)
  File "D:\backend_luminan\myapp\views.py", line 183, in validate_registration_data
    if 'email' in data and data['email'] and not re.match(r"[^@]+@[^@]+\.[^@]+", data['email']):
                                                 ^^
NameError: name 're' is not defined. Did you forget to import 're'?
"POST /authV1/register/ HTTP/1.1" 500 145
Internal Server Error: /authV1/thisismeprivateisaac/register/
Traceback (most recent call last):
  File "D:\backend_luminan\venv\Lib\site-packages\django\core\handlers\exception.py", line 55, in inner
    response = get_response(request)
  File "D:\backend_luminan\venv\Lib\site-packages\django\core\handlers\base.py", line 197, in _get_response
    response = wrapped_callback(request, *callback_args, **callback_kwargs)
  File "D:\backend_luminan\venv\Lib\site-packages\django\views\decorators\csrf.py", line 65, in _view_wrapper
    return view_func(request, *args, **kwargs)
  File "D:\backend_luminan\venv\Lib\site-packages\django\views\generic\base.py", line 105, in view
    return self.dispatch(request, *args, **kwargs)
           ~~~~~~~~~~~~~^^^^^^^^^^^^^^^^^^^^^^^^^^
  File "D:\backend_luminan\venv\Lib\site-packages\rest_framework\views.py", line 515, in dispatch
    response = self.handle_exception(exc)
  File "D:\backend_luminan\venv\Lib\site-packages\rest_framework\views.py", line 475, in handle_exception
    self.raise_uncaught_exception(exc)
    ~~~~~~~~~~~~~~~~~~~~~~~~~~~~~^^^^^
  File "D:\backend_luminan\venv\Lib\site-packages\rest_framework\views.py", line 486, in raise_uncaught_exception
    raise exc
  File "D:\backend_luminan\venv\Lib\site-packages\rest_framework\views.py", line 512, in dispatch
    response = handler(request, *args, **kwargs)
  File "D:\backend_luminan\venv\Lib\site-packages\rest_framework\decorators.py", line 50, in handler
    return func(*args, **kwargs)
  File "D:\backend_luminan\myapp\views.py", line 208, in register_user
    errors = validate_registration_data(data)
  File "D:\backend_luminan\myapp\views.py", line 183, in validate_registration_data
    if 'email' in data and data['email'] and not re.match(r"[^@]+@[^@]+\.[^@]+", data['email']):
                                                 ^^
NameError: name 're' is not defined. Did you forget to import 're'?
"POST /authV1/thisismeprivateisaac/register/ HTTP/1.1" 500 145
Internal Server Error: /authV1/thisismeprivateisaac/register/
Traceback (most recent call last):
  File "D:\backend_luminan\venv\Lib\site-packages\django\core\handlers\exception.py", line 55, in inner
    response = get_response(request)
  File "D:\backend_luminan\venv\Lib\site-packages\django\core\handlers\base.py", line 197, in _get_response
    response = wrapped_callback(request, *callback_args, **callback_kwargs)
  File "D:\backend_luminan\venv\Lib\site-packages\django\views\decorators\csrf.py", line 65, in _view_wrapper
    return view_func(request, *args, **kwargs)
  File "D:\backend_luminan\venv\Lib\site-packages\django\views\generic\base.py", line 105, in view
    return self.dispatch(request, *args, **kwargs)
           ~~~~~~~~~~~~~^^^^^^^^^^^^^^^^^^^^^^^^^^
  File "D:\backend_luminan\venv\Lib\site-packages\rest_framework\views.py", line 515, in dispatch
    response = self.handle_exception(exc)
  File "D:\backend_luminan\venv\Lib\site-packages\rest_framework\views.py", line 475, in handle_exception
    self.raise_uncaught_exception(exc)
    ~~~~~~~~~~~~~~~~~~~~~~~~~~~~~^^^^^
  File "D:\backend_luminan\venv\Lib\site-packages\rest_framework\views.py", line 486, in raise_uncaught_exception
    raise exc
  File "D:\backend_luminan\venv\Lib\site-packages\rest_framework\views.py", line 512, in dispatch
    response = handler(request, *args, **kwargs)
  File "D:\backend_luminan\venv\Lib\site-packages\rest_framework\decorators.py", line 50, in handler
    return func(*args, **kwargs)
  File "D:\backend_luminan\myapp\views.py", line 208, in register_user
    errors = validate_registration_data(data)
  File "D:\backend_luminan\myapp\views.py", line 183, in validate_registration_data
    if 'email' in data and data['email'] and not re.match(r"[^@]+@[^@]+\.[^@]+", data['email']):
                                                 ^^
NameError: name 're' is not defined. Did you forget to import 're'?
"POST /authV1/thisismeprivateisaac/register/ HTTP/1.1" 500 145
Internal Server Error: /authV1/thisismeprivateisaac/register/
Traceback (most recent call last):
  File "D:\backend_luminan\venv\Lib\site-packages\django\core\handlers\exception.py", line 55, in inner
    response = get_response(request)
  File "D:\backend_luminan\venv\Lib\site-packages\django\core\handlers\base.py", line 197, in _get_response
    response = wrapped_callback(request, *callback_args, **callback_kwargs)
  File "D:\backend_luminan\venv\Lib\site-packages\django\views\decorators\csrf.py", line 65, in _view_wrapper
    return view_func(request, *args, **kwargs)
  File "D:\backend_luminan\venv\Lib\site-packages\django\views\generic\base.py", line 105, in view
    return self.dispatch(request, *args, **kwargs)
           ~~~~~~~~~~~~~^^^^^^^^^^^^^^^^^^^^^^^^^^
  File "D:\backend_luminan\venv\Lib\site-packages\rest_framework\views.py", line 515, in dispatch
    response = self.handle_exception(exc)
  File "D:\backend_luminan\venv\Lib\site-packages\rest_framework\views.py", line 475, in handle_exception
    self.raise_uncaught_exception(exc)
    ~~~~~~~~~~~~~~~~~~~~~~~~~~~~~^^^^^
  File "D:\backend_luminan\venv\Lib\site-packages\rest_framework\views.py", line 486, in raise_uncaught_exception
    raise exc
  File "D:\backend_luminan\venv\Lib\site-packages\rest_framework\views.py", line 512, in dispatch
    response = handler(request, *args, **kwargs)
  File "D:\backend_luminan\venv\Lib\site-packages\rest_framework\decorators.py", line 50, in handler
    return func(*args, **kwargs)
  File "D:\backend_luminan\myapp\views.py", line 208, in register_user
    errors = validate_registration_data(data)
  File "D:\backend_luminan\myapp\views.py", line 183, in validate_registration_data
    if 'email' in data and data['email'] and not re.match(r"[^@]+@[^@]+\.[^@]+", data['email']):
                                                 ^^
NameError: name 're' is not defined. Did you forget to import 're'?
"POST /authV1/thisismeprivateisaac/register/ HTTP/1.1" 500 145
Internal Server Error: /authV1/thisismeprivateisaac/register/
Traceback (most recent call last):
  File "D:\backend_luminan\venv\Lib\site-packages\django\core\handlers\exception.py", line 55, in inner
    response = get_response(request)
  File "D:\backend_luminan\venv\Lib\site-packages\django\core\handlers\base.py", line 197, in _get_response
    response = wrapped_callback(request, *callback_args, **callback_kwargs)
  File "D:\backend_luminan\venv\Lib\site-packages\django\views\decorators\csrf.py", line 65, in _view_wrapper
    return view_func(request, *args, **kwargs)
  File "D:\backend_luminan\venv\Lib\site-packages\django\views\generic\base.py", line 105, in view
    return self.dispatch(request, *args, **kwargs)
           ~~~~~~~~~~~~~^^^^^^^^^^^^^^^^^^^^^^^^^^
  File "D:\backend_luminan\venv\Lib\site-packages\rest_framework\views.py", line 515, in dispatch
    response = self.handle_exception(exc)
  File "D:\backend_luminan\venv\Lib\site-packages\rest_framework\views.py", line 475, in handle_exception
    self.raise_uncaught_exception(exc)
    ~~~~~~~~~~~~~~~~~~~~~~~~~~~~~^^^^^
  File "D:\backend_luminan\venv\Lib\site-packages\rest_framework\views.py", line 486, in raise_uncaught_exception
    raise exc
  File "D:\backend_luminan\venv\Lib\site-packages\rest_framework\views.py", line 512, in dispatch
    response = handler(request, *args, **kwargs)
  File "D:\backend_luminan\venv\Lib\site-packages\rest_framework\decorators.py", line 50, in handler
    return func(*args, **kwargs)
  File "D:\backend_luminan\myapp\views.py", line 209, in register_user
    errors = validate_registration_data(data)
  File "D:\backend_luminan\myapp\views.py", line 184, in validate_registration_data
    if 'email' in data and data['email'] and not re.match(r"[^@]+@[^@]+\.[^@]+", data['email']):
                                                 ^^
NameError: name 're' is not defined. Did you forget to import 're'?
"POST /authV1/thisismeprivateisaac/register/ HTTP/1.1" 500 145
Internal Server Error: /authV1/thisismeprivateisaac/register/
Traceback (most recent call last):
  File "D:\backend_luminan\venv\Lib\site-packages\django\core\handlers\exception.py", line 55, in inner
    response = get_response(request)
  File "D:\backend_luminan\venv\Lib\site-packages\django\core\handlers\base.py", line 197, in _get_response
    response = wrapped_callback(request, *callback_args, **callback_kwargs)
  File "D:\backend_luminan\venv\Lib\site-packages\django\views\decorators\csrf.py", line 65, in _view_wrapper
    return view_func(request, *args, **kwargs)
  File "D:\backend_luminan\venv\Lib\site-packages\django\views\generic\base.py", line 105, in view
    return self.dispatch(request, *args, **kwargs)
           ~~~~~~~~~~~~~^^^^^^^^^^^^^^^^^^^^^^^^^^
  File "D:\backend_luminan\venv\Lib\site-packages\rest_framework\views.py", line 515, in dispatch
    response = self.handle_exception(exc)
  File "D:\backend_luminan\venv\Lib\site-packages\rest_framework\views.py", line 475, in handle_exception
    self.raise_uncaught_exception(exc)
    ~~~~~~~~~~~~~~~~~~~~~~~~~~~~~^^^^^
  File "D:\backend_luminan\venv\Lib\site-packages\rest_framework\views.py", line 486, in raise_uncaught_exception
    raise exc
  File "D:\backend_luminan\venv\Lib\site-packages\rest_framework\views.py", line 512, in dispatch
    response = handler(request, *args, **kwargs)
  File "D:\backend_luminan\venv\Lib\site-packages\rest_framework\decorators.py", line 50, in handler
    return func(*args, **kwargs)
  File "D:\backend_luminan\myapp\views.py", line 209, in register_user
    errors = validate_registration_data(data)
  File "D:\backend_luminan\myapp\views.py", line 184, in validate_registration_data
    if 'email' in data and data['email'] and not re.match(r"[^@]+@[^@]+\.[^@]+", data['email']):
                                                 ^^
NameError: name 're' is not defined. Did you forget to import 're'?
"POST /authV1/thisismeprivateisaac/register/ HTTP/1.1" 500 145
Internal Server Error: /authV1/thisismeprivateisaac/register/
Traceback (most recent call last):
  File "D:\backend_luminan\venv\Lib\site-packages\django\core\handlers\exception.py", line 55, in inner
    response = get_response(request)
  File "D:\backend_luminan\venv\Lib\site-packages\django\core\handlers\base.py", line 197, in _get_response
    response = wrapped_callback(request, *callback_args, **callback_kwargs)
  File "D:\backend_luminan\venv\Lib\site-packages\django\views\decorators\csrf.py", line 65, in _view_wrapper
    return view_func(request, *args, **kwargs)
  File "D:\backend_luminan\venv\Lib\site-packages\django\views\generic\base.py", line 105, in view
    return self.dispatch(request, *args, **kwargs)
           ~~~~~~~~~~~~~^^^^^^^^^^^^^^^^^^^^^^^^^^
  File "D:\backend_luminan\venv\Lib\site-packages\rest_framework\views.py", line 515, in dispatch
    response = self.handle_exception(exc)
  File "D:\backend_luminan\venv\Lib\site-packages\rest_framework\views.py", line 475, in handle_exception
    self.raise_uncaught_exception(exc)
    ~~~~~~~~~~~~~~~~~~~~~~~~~~~~~^^^^^
  File "D:\backend_luminan\venv\Lib\site-packages\rest_framework\views.py", line 486, in raise_uncaught_exception
    raise exc
  File "D:\backend_luminan\venv\Lib\site-packages\rest_framework\views.py", line 512, in dispatch
    response = handler(request, *args, **kwargs)
  File "D:\backend_luminan\venv\Lib\site-packages\rest_framework\decorators.py", line 50, in handler
    return func(*args, **kwargs)
  File "D:\backend_luminan\myapp\views.py", line 209, in register_user
    errors = validate_registration_data(data)
  File "D:\backend_luminan\myapp\views.py", line 184, in validate_registration_data
    if 'email' in data and data['email'] and not re.match(r"[^@]+@[^@]+\.[^@]+", data['email']):
                                                 ^^
NameError: name 're' is not defined. Did you forget to import 're'?
"POST /authV1/thisismeprivateisaac/register/ HTTP/1.1" 500 145
Internal Server Error: /authV1/thisismeprivateisaac/register/
Traceback (most recent call last):
  File "D:\backend_luminan\venv\Lib\site-packages\django\core\handlers\exception.py", line 55, in inner
    response = get_response(request)
  File "D:\backend_luminan\venv\Lib\site-packages\django\core\handlers\base.py", line 197, in _get_response
    response = wrapped_callback(request, *callback_args, **callback_kwargs)
  File "D:\backend_luminan\venv\Lib\site-packages\django\views\decorators\csrf.py", line 65, in _view_wrapper
    return view_func(request, *args, **kwargs)
  File "D:\backend_luminan\venv\Lib\site-packages\django\views\generic\base.py", line 105, in view
    return self.dispatch(request, *args, **kwargs)
           ~~~~~~~~~~~~~^^^^^^^^^^^^^^^^^^^^^^^^^^
  File "D:\backend_luminan\venv\Lib\site-packages\rest_framework\views.py", line 515, in dispatch
    response = self.handle_exception(exc)
  File "D:\backend_luminan\venv\Lib\site-packages\rest_framework\views.py", line 475, in handle_exception
    self.raise_uncaught_exception(exc)
    ~~~~~~~~~~~~~~~~~~~~~~~~~~~~~^^^^^
  File "D:\backend_luminan\venv\Lib\site-packages\rest_framework\views.py", line 486, in raise_uncaught_exception
    raise exc
  File "D:\backend_luminan\venv\Lib\site-packages\rest_framework\views.py", line 512, in dispatch
    response = handler(request, *args, **kwargs)
  File "D:\backend_luminan\venv\Lib\site-packages\rest_framework\decorators.py", line 50, in handler
    return func(*args, **kwargs)
  File "D:\backend_luminan\myapp\views.py", line 211, in register_user
    errors = validate_registration_data(data)
  File "D:\backend_luminan\myapp\views.py", line 186, in validate_registration_data
    if 'email' in data and data['email'] and not re.match(r"[^@]+@[^@]+\.[^@]+", data['email']):
                                                 ^^
NameError: name 're' is not defined. Did you forget to import 're'?
"POST /authV1/thisismeprivateisaac/register/ HTTP/1.1" 500 145
Internal Server Error: /authV1/thisismeprivateisaac/register/
Traceback (most recent call last):
  File "D:\backend_luminan\venv\Lib\site-packages\django\core\handlers\exception.py", line 55, in inner
    response = get_response(request)
  File "D:\backend_luminan\venv\Lib\site-packages\django\core\handlers\base.py", line 197, in _get_response
    response = wrapped_callback(request, *callback_args, **callback_kwargs)
  File "D:\backend_luminan\venv\Lib\site-packages\django\views\decorators\csrf.py", line 65, in _view_wrapper
    return view_func(request, *args, **kwargs)
  File "D:\backend_luminan\venv\Lib\site-packages\django\views\generic\base.py", line 105, in view
    return self.dispatch(request, *args, **kwargs)
           ~~~~~~~~~~~~~^^^^^^^^^^^^^^^^^^^^^^^^^^
  File "D:\backend_luminan\venv\Lib\site-packages\rest_framework\views.py", line 515, in dispatch
    response = self.handle_exception(exc)
  File "D:\backend_luminan\venv\Lib\site-packages\rest_framework\views.py", line 475, in handle_exception
    self.raise_uncaught_exception(exc)
    ~~~~~~~~~~~~~~~~~~~~~~~~~~~~~^^^^^
  File "D:\backend_luminan\venv\Lib\site-packages\rest_framework\views.py", line 486, in raise_uncaught_exception
    raise exc
  File "D:\backend_luminan\venv\Lib\site-packages\rest_framework\views.py", line 512, in dispatch
    response = handler(request, *args, **kwargs)
  File "D:\backend_luminan\venv\Lib\site-packages\rest_framework\decorators.py", line 50, in handler
    return func(*args, **kwargs)
  File "D:\backend_luminan\myapp\views.py", line 211, in register_user
    errors = validate_registration_data(data)
  File "D:\backend_luminan\myapp\views.py", line 186, in validate_registration_data
    if 'email' in data and data['email'] and not re.match(r"[^@]+@[^@]+\.[^@]+", data['email']):
                                                 ^^
NameError: name 're' is not defined. Did you forget to import 're'?
"POST /authV1/thisismeprivateisaac/register/ HTTP/1.1" 500 145
Internal Server Error: /authV1/thisismeprivateisaac/register/
Traceback (most recent call last):
  File "D:\backend_luminan\venv\Lib\site-packages\django\core\handlers\exception.py", line 55, in inner
    response = get_response(request)
  File "D:\backend_luminan\venv\Lib\site-packages\django\core\handlers\base.py", line 197, in _get_response
    response = wrapped_callback(request, *callback_args, **callback_kwargs)
  File "D:\backend_luminan\venv\Lib\site-packages\django\views\decorators\csrf.py", line 65, in _view_wrapper
    return view_func(request, *args, **kwargs)
  File "D:\backend_luminan\venv\Lib\site-packages\django\views\generic\base.py", line 105, in view
    return self.dispatch(request, *args, **kwargs)
           ~~~~~~~~~~~~~^^^^^^^^^^^^^^^^^^^^^^^^^^
  File "D:\backend_luminan\venv\Lib\site-packages\rest_framework\views.py", line 515, in dispatch
    response = self.handle_exception(exc)
  File "D:\backend_luminan\venv\Lib\site-packages\rest_framework\views.py", line 475, in handle_exception
    self.raise_uncaught_exception(exc)
    ~~~~~~~~~~~~~~~~~~~~~~~~~~~~~^^^^^
  File "D:\backend_luminan\venv\Lib\site-packages\rest_framework\views.py", line 486, in raise_uncaught_exception
    raise exc
  File "D:\backend_luminan\venv\Lib\site-packages\rest_framework\views.py", line 512, in dispatch
    response = handler(request, *args, **kwargs)
  File "D:\backend_luminan\venv\Lib\site-packages\rest_framework\decorators.py", line 50, in handler
    return func(*args, **kwargs)
  File "D:\backend_luminan\myapp\views.py", line 211, in register_user
    errors = validate_registration_data(data)
  File "D:\backend_luminan\myapp\views.py", line 186, in validate_registration_data
    if 'email' in data and data['email'] and not re.match(r"[^@]+@[^@]+\.[^@]+", data['email']):
                                                 ^^
NameError: name 're' is not defined. Did you forget to import 're'?
"POST /authV1/thisismeprivateisaac/register/ HTTP/1.1" 500 145
Internal Server Error: /authV1/thisismeprivateisaac/register/
Traceback (most recent call last):
  File "D:\backend_luminan\venv\Lib\site-packages\django\core\handlers\exception.py", line 55, in inner
    response = get_response(request)
  File "D:\backend_luminan\venv\Lib\site-packages\django\core\handlers\base.py", line 197, in _get_response
    response = wrapped_callback(request, *callback_args, **callback_kwargs)
  File "D:\backend_luminan\venv\Lib\site-packages\django\views\decorators\csrf.py", line 65, in _view_wrapper
    return view_func(request, *args, **kwargs)
  File "D:\backend_luminan\venv\Lib\site-packages\django\views\generic\base.py", line 105, in view
    return self.dispatch(request, *args, **kwargs)
           ~~~~~~~~~~~~~^^^^^^^^^^^^^^^^^^^^^^^^^^
  File "D:\backend_luminan\venv\Lib\site-packages\rest_framework\views.py", line 515, in dispatch
    response = self.handle_exception(exc)
  File "D:\backend_luminan\venv\Lib\site-packages\rest_framework\views.py", line 475, in handle_exception
    self.raise_uncaught_exception(exc)
    ~~~~~~~~~~~~~~~~~~~~~~~~~~~~~^^^^^
  File "D:\backend_luminan\venv\Lib\site-packages\rest_framework\views.py", line 486, in raise_uncaught_exception
    raise exc
  File "D:\backend_luminan\venv\Lib\site-packages\rest_framework\views.py", line 512, in dispatch
    response = handler(request, *args, **kwargs)
  File "D:\backend_luminan\venv\Lib\site-packages\rest_framework\decorators.py", line 50, in handler
    return func(*args, **kwargs)
  File "D:\backend_luminan\myapp\views.py", line 211, in register_user
    errors = validate_registration_data(data)
  File "D:\backend_luminan\myapp\views.py", line 186, in validate_registration_data
    if 'email' in data and data['email'] and not re.match(r"[^@]+@[^@]+\.[^@]+", data['email']):
                                                 ^^
NameError: name 're' is not defined. Did you forget to import 're'?
"POST /authV1/thisismeprivateisaac/register/ HTTP/1.1" 500 145
Invalid HTTP_HOST header: '127.0.0.1:8000'. You may need to add '127.0.0.1' to ALLOWED_HOSTS.
Traceback (most recent call last):
  File "D:\backend_luminan\venv\Lib\site-packages\django\core\handlers\exception.py", line 55, in inner
    response = get_response(request)
  File "D:\backend_luminan\venv\Lib\site-packages\django\utils\deprecation.py", line 119, in __call__
    response = self.process_request(request)
  File "D:\backend_luminan\venv\Lib\site-packages\django\middleware\common.py", line 48, in process_request
    host = request.get_host()
  File "D:\backend_luminan\venv\Lib\site-packages\django\http\request.py", line 202, in get_host
    raise DisallowedHost(msg)
django.core.exceptions.DisallowedHost: Invalid HTTP_HOST header: '127.0.0.1:8000'. You may need to add '127.0.0.1' to ALLOWED_HOSTS.
Internal Server Error: /authV1/thisismeprivateisaac/register/
Traceback (most recent call last):
  File "D:\backend_luminan\venv\Lib\site-packages\django\core\handlers\exception.py", line 55, in inner
    response = get_response(request)
  File "D:\backend_luminan\venv\Lib\site-packages\django\core\handlers\base.py", line 197, in _get_response
    response = wrapped_callback(request, *callback_args, **callback_kwargs)
  File "D:\backend_luminan\venv\Lib\site-packages\django\views\decorators\csrf.py", line 65, in _view_wrapper
    return view_func(request, *args, **kwargs)
  File "D:\backend_luminan\venv\Lib\site-packages\django\views\generic\base.py", line 105, in view
    return self.dispatch(request, *args, **kwargs)
           ~~~~~~~~~~~~~^^^^^^^^^^^^^^^^^^^^^^^^^^
  File "D:\backend_luminan\venv\Lib\site-packages\rest_framework\views.py", line 515, in dispatch
    response = self.handle_exception(exc)
  File "D:\backend_luminan\venv\Lib\site-packages\rest_framework\views.py", line 475, in handle_exception
    self.raise_uncaught_exception(exc)
    ~~~~~~~~~~~~~~~~~~~~~~~~~~~~~^^^^^
  File "D:\backend_luminan\venv\Lib\site-packages\rest_framework\views.py", line 486, in raise_uncaught_exception
    raise exc
  File "D:\backend_luminan\venv\Lib\site-packages\rest_framework\views.py", line 512, in dispatch
    response = handler(request, *args, **kwargs)
  File "D:\backend_luminan\venv\Lib\site-packages\rest_framework\decorators.py", line 50, in handler
    return func(*args, **kwargs)
  File "D:\backend_luminan\myapp\views.py", line 211, in register_user
    errors = validate_registration_data(data)
  File "D:\backend_luminan\myapp\views.py", line 186, in validate_registration_data
    if 'email' in data and data['email'] and not re.match(r"[^@]+@[^@]+\.[^@]+", data['email']):
                                                 ^^
NameError: name 're' is not defined. Did you forget to import 're'?
"POST /authV1/thisismeprivateisaac/register/ HTTP/1.1" 500 103589
Internal Server Error: /authV1/thisismeprivateisaac/register/
Traceback (most recent call last):
  File "D:\backend_luminan\venv\Lib\site-packages\django\core\handlers\exception.py", line 55, in inner
    response = get_response(request)
  File "D:\backend_luminan\venv\Lib\site-packages\django\core\handlers\base.py", line 197, in _get_response
    response = wrapped_callback(request, *callback_args, **callback_kwargs)
  File "D:\backend_luminan\venv\Lib\site-packages\django\views\decorators\csrf.py", line 65, in _view_wrapper
    return view_func(request, *args, **kwargs)
  File "D:\backend_luminan\venv\Lib\site-packages\django\views\generic\base.py", line 105, in view
    return self.dispatch(request, *args, **kwargs)
           ~~~~~~~~~~~~~^^^^^^^^^^^^^^^^^^^^^^^^^^
  File "D:\backend_luminan\venv\Lib\site-packages\rest_framework\views.py", line 515, in dispatch
    response = self.handle_exception(exc)
  File "D:\backend_luminan\venv\Lib\site-packages\rest_framework\views.py", line 475, in handle_exception
    self.raise_uncaught_exception(exc)
    ~~~~~~~~~~~~~~~~~~~~~~~~~~~~~^^^^^
  File "D:\backend_luminan\venv\Lib\site-packages\rest_framework\views.py", line 486, in raise_uncaught_exception
    raise exc
  File "D:\backend_luminan\venv\Lib\site-packages\rest_framework\views.py", line 512, in dispatch
    response = handler(request, *args, **kwargs)
  File "D:\backend_luminan\venv\Lib\site-packages\rest_framework\decorators.py", line 50, in handler
    return func(*args, **kwargs)
  File "D:\backend_luminan\myapp\views.py", line 211, in register_user
    errors = validate_registration_data(data)
  File "D:\backend_luminan\myapp\views.py", line 186, in validate_registration_data
    if 'email' in data and data['email'] and not re.match(r"[^@]+@[^@]+\.[^@]+", data['email']):
                                                 ^^
NameError: name 're' is not defined. Did you forget to import 're'?
"POST /authV1/thisismeprivateisaac/register/ HTTP/1.1" 500 103558
Service Unavailable: /authV1/thisismeprivateisaac/register/
"POST /authV1/thisismeprivateisaac/register/ HTTP/1.1" 503 66
Service Unavailable: /authV1/thisismeprivateisaac/register/
"POST /authV1/thisismeprivateisaac/register/ HTTP/1.1" 503 66
Internal Server Error: /api/v1/user/verify/
"POST /api/v1/user/verify/ HTTP/1.1" 500 68
Internal Server Error: /api/v1/user/verify/
"POST /api/v1/user/verify/ HTTP/1.1" 500 68
Internal Server Error: /api/v1/user/verify/
"POST /api/v1/user/verify/ HTTP/1.1" 500 68
Internal Server Error: /api/v1/user/verify/
"POST /api/v1/user/verify/ HTTP/1.1" 500 68
Internal Server Error: /api/v1/user/verify/
"POST /api/v1/user/verify/ HTTP/1.1" 500 68
Internal Server Error: /api/v1/user/verify/
"POST /api/v1/user/verify/ HTTP/1.1" 500 68
Internal Server Error: /api/v1/user/profile/
Traceback (most recent call last):
  File "C:\Users\HomePC4r\AppData\Local\Programs\Python\Python313\Lib\site-packages\django\db\models\fields\__init__.py", line 2128, in get_prep_value
    return int(value)
ValueError: invalid literal for int() with base 10: '68ef4a8c827cfa524d7c4a48'

The above exception was the direct cause of the following exception:

Traceback (most recent call last):
  File "C:\Users\HomePC4r\AppData\Local\Programs\Python\Python313\Lib\site-packages\django\core\handlers\exception.py", line 55, in inner
    response = get_response(request)
  File "C:\Users\HomePC4r\AppData\Local\Programs\Python\Python313\Lib\site-packages\django\core\handlers\base.py", line 197, in _get_response
    response = wrapped_callback(request, *callback_args, **callback_kwargs)
  File "C:\Users\HomePC4r\AppData\Local\Programs\Python\Python313\Lib\site-packages\django\views\decorators\csrf.py", line 65, in _view_wrapper
    return view_func(request, *args, **kwargs)
  File "C:\Users\HomePC4r\AppData\Local\Programs\Python\Python313\Lib\site-packages\django\views\generic\base.py", line 105, in view
    return self.dispatch(request, *args, **kwargs)
           ~~~~~~~~~~~~~^^^^^^^^^^^^^^^^^^^^^^^^^^
  File "C:\Users\HomePC4r\AppData\Local\Programs\Python\Python313\Lib\site-packages\rest_framework\views.py", line 515, in dispatch
    response = self.handle_exception(exc)
  File "C:\Users\HomePC4r\AppData\Local\Programs\Python\Python313\Lib\site-packages\rest_framework\views.py", line 475, in handle_exception
    self.raise_uncaught_exception(exc)
    ~~~~~~~~~~~~~~~~~~~~~~~~~~~~~^^^^^
  File "C:\Users\HomePC4r\AppData\Local\Programs\Python\Python313\Lib\site-packages\rest_framework\views.py", line 486, in raise_uncaught_exception
    raise exc
  File "C:\Users\HomePC4r\AppData\Local\Programs\Python\Python313\Lib\site-packages\rest_framework\views.py", line 503, in dispatch
    self.initial(request, *args, **kwargs)
    ~~~~~~~~~~~~^^^^^^^^^^^^^^^^^^^^^^^^^^
  File "C:\Users\HomePC4r\AppData\Local\Programs\Python\Python313\Lib\site-packages\rest_framework\views.py", line 420, in initial
    self.perform_authentication(request)
    ~~~~~~~~~~~~~~~~~~~~~~~~~~~^^^^^^^^^
  File "C:\Users\HomePC4r\AppData\Local\Programs\Python\Python313\Lib\site-packages\rest_framework\views.py", line 330, in perform_authentication
    request.user
  File "C:\Users\HomePC4r\AppData\Local\Programs\Python\Python313\Lib\site-packages\rest_framework\request.py", line 232, in user
    self._authenticate()
    ~~~~~~~~~~~~~~~~~~^^
  File "C:\Users\HomePC4r\AppData\Local\Programs\Python\Python313\Lib\site-packages\rest_framework\request.py", line 385, in _authenticate
    user_auth_tuple = authenticator.authenticate(self)
  File "C:\Users\HomePC4r\AppData\Local\Programs\Python\Python313\Lib\site-packages\rest_framework_simplejwt\authentication.py", line 51, in authenticate
    return self.get_user(validated_token), validated_token
           ~~~~~~~~~~~~~^^^^^^^^^^^^^^^^^
  File "C:\Users\HomePC4r\AppData\Local\Programs\Python\Python313\Lib\site-packages\rest_framework_simplejwt\authentication.py", line 132, in get_user
    user = self.user_model.objects.get(**{api_settings.USER_ID_FIELD: user_id})
  File "C:\Users\HomePC4r\AppData\Local\Programs\Python\Python313\Lib\site-packages\django\db\models\manager.py", line 87, in manager_method
    return getattr(self.get_queryset(), name)(*args, **kwargs)
           ~~~~~~~~~~~~~~~~~~~~~~~~~~~~~~~~~~^^^^^^^^^^^^^^^^^
  File "C:\Users\HomePC4r\AppData\Local\Programs\Python\Python313\Lib\site-packages\django\db\models\query.py", line 619, in get
    clone = self._chain() if self.query.combinator else self.filter(*args, **kwargs)
                                                        ~~~~~~~~~~~^^^^^^^^^^^^^^^^^
  File "C:\Users\HomePC4r\AppData\Local\Programs\Python\Python313\Lib\site-packages\django\db\models\query.py", line 1493, in filter
    return self._filter_or_exclude(False, args, kwargs)
           ~~~~~~~~~~~~~~~~~~~~~~~^^^^^^^^^^^^^^^^^^^^^
  File "C:\Users\HomePC4r\AppData\Local\Programs\Python\Python313\Lib\site-packages\django\db\models\query.py", line 1511, in _filter_or_exclude
    clone._filter_or_exclude_inplace(negate, args, kwargs)
    ~~~~~~~~~~~~~~~~~~~~~~~~~~~~~~~~^^^^^^^^^^^^^^^^^^^^^^
  File "C:\Users\HomePC4r\AppData\Local\Programs\Python\Python313\Lib\site-packages\django\db\models\query.py", line 1518, in _filter_or_exclude_inplace
    self._query.add_q(Q(*args, **kwargs))
    ~~~~~~~~~~~~~~~~~^^^^^^^^^^^^^^^^^^^^
  File "C:\Users\HomePC4r\AppData\Local\Programs\Python\Python313\Lib\site-packages\django\db\models\sql\query.py", line 1646, in add_q
    clause, _ = self._add_q(q_object, can_reuse)
                ~~~~~~~~~~~^^^^^^^^^^^^^^^^^^^^^
  File "C:\Users\HomePC4r\AppData\Local\Programs\Python\Python313\Lib\site-packages\django\db\models\sql\query.py", line 1678, in _add_q
    child_clause, needed_inner = self.build_filter(
                                 ~~~~~~~~~~~~~~~~~^
        child,
        ^^^^^^
    ...<7 lines>...
        update_join_types=update_join_types,
        ^^^^^^^^^^^^^^^^^^^^^^^^^^^^^^^^^^^^
    )
    ^
  File "C:\Users\HomePC4r\AppData\Local\Programs\Python\Python313\Lib\site-packages\django\db\models\sql\query.py", line 1588, in build_filter
    condition = self.build_lookup(lookups, col, value)
  File "C:\Users\HomePC4r\AppData\Local\Programs\Python\Python313\Lib\site-packages\django\db\models\sql\query.py", line 1415, in build_lookup
    lookup = lookup_class(lhs, rhs)
  File "C:\Users\HomePC4r\AppData\Local\Programs\Python\Python313\Lib\site-packages\django\db\models\lookups.py", line 38, in __init__
    self.rhs = self.get_prep_lookup()
               ~~~~~~~~~~~~~~~~~~~~^^
  File "C:\Users\HomePC4r\AppData\Local\Programs\Python\Python313\Lib\site-packages\django\db\models\lookups.py", line 410, in get_prep_lookup
    return super().get_prep_lookup()
           ~~~~~~~~~~~~~~~~~~~~~~~^^
  File "C:\Users\HomePC4r\AppData\Local\Programs\Python\Python313\Lib\site-packages\django\db\models\lookups.py", line 96, in get_prep_lookup
    return self.lhs.output_field.get_prep_value(self.rhs)
           ~~~~~~~~~~~~~~~~~~~~~~~~~~~~~~~~~~~~^^^^^^^^^^
  File "C:\Users\HomePC4r\AppData\Local\Programs\Python\Python313\Lib\site-packages\django\db\models\fields\__init__.py", line 2130, in get_prep_value
    raise e.__class__(
        "Field '%s' expected a number but got %r." % (self.name, value),
    ) from e
ValueError: Field 'id' expected a number but got '68ef4a8c827cfa524d7c4a48'.
"GET /api/v1/user/profile/ HTTP/1.1" 500 184119
Internal Server Error: /api/v1/user/token/refresh/
Traceback (most recent call last):
  File "C:\Users\HomePC4r\AppData\Local\Programs\Python\Python313\Lib\site-packages\django\db\models\fields\__init__.py", line 2128, in get_prep_value
    return int(value)
ValueError: invalid literal for int() with base 10: '68ef4a8c827cfa524d7c4a48'

The above exception was the direct cause of the following exception:

Traceback (most recent call last):
  File "C:\Users\HomePC4r\AppData\Local\Programs\Python\Python313\Lib\site-packages\django\core\handlers\exception.py", line 55, in inner
    response = get_response(request)
  File "C:\Users\HomePC4r\AppData\Local\Programs\Python\Python313\Lib\site-packages\django\core\handlers\base.py", line 197, in _get_response
    response = wrapped_callback(request, *callback_args, **callback_kwargs)
  File "C:\Users\HomePC4r\AppData\Local\Programs\Python\Python313\Lib\site-packages\django\views\decorators\csrf.py", line 65, in _view_wrapper
    return view_func(request, *args, **kwargs)
  File "C:\Users\HomePC4r\AppData\Local\Programs\Python\Python313\Lib\site-packages\django\views\generic\base.py", line 105, in view
    return self.dispatch(request, *args, **kwargs)
           ~~~~~~~~~~~~~^^^^^^^^^^^^^^^^^^^^^^^^^^
  File "C:\Users\HomePC4r\AppData\Local\Programs\Python\Python313\Lib\site-packages\rest_framework\views.py", line 515, in dispatch
    response = self.handle_exception(exc)
  File "C:\Users\HomePC4r\AppData\Local\Programs\Python\Python313\Lib\site-packages\rest_framework\views.py", line 475, in handle_exception
    self.raise_uncaught_exception(exc)
    ~~~~~~~~~~~~~~~~~~~~~~~~~~~~~^^^^^
  File "C:\Users\HomePC4r\AppData\Local\Programs\Python\Python313\Lib\site-packages\rest_framework\views.py", line 486, in raise_uncaught_exception
    raise exc
  File "C:\Users\HomePC4r\AppData\Local\Programs\Python\Python313\Lib\site-packages\rest_framework\views.py", line 512, in dispatch
    response = handler(request, *args, **kwargs)
  File "C:\Users\HomePC4r\AppData\Local\Programs\Python\Python313\Lib\site-packages\rest_framework_simplejwt\views.py", line 46, in post
    serializer.is_valid(raise_exception=True)
    ~~~~~~~~~~~~~~~~~~~^^^^^^^^^^^^^^^^^^^^^^
  File "C:\Users\HomePC4r\AppData\Local\Programs\Python\Python313\Lib\site-packages\rest_framework\serializers.py", line 225, in is_valid
    self._validated_data = self.run_validation(self.initial_data)
                           ~~~~~~~~~~~~~~~~~~~^^^^^^^^^^^^^^^^^^^
  File "C:\Users\HomePC4r\AppData\Local\Programs\Python\Python313\Lib\site-packages\rest_framework\serializers.py", line 447, in run_validation
    value = self.validate(value)
  File "C:\Users\HomePC4r\AppData\Local\Programs\Python\Python313\Lib\site-packages\rest_framework_simplejwt\serializers.py", line 116, in validate
    user := get_user_model().objects.get(
            ~~~~~~~~~~~~~~~~~~~~~~~~~~~~^
        **{api_settings.USER_ID_FIELD: user_id}
        ^^^^^^^^^^^^^^^^^^^^^^^^^^^^^^^^^^^^^^^
    )
    ^
  File "C:\Users\HomePC4r\AppData\Local\Programs\Python\Python313\Lib\site-packages\django\db\models\manager.py", line 87, in manager_method
    return getattr(self.get_queryset(), name)(*args, **kwargs)
           ~~~~~~~~~~~~~~~~~~~~~~~~~~~~~~~~~~^^^^^^^^^^^^^^^^^
  File "C:\Users\HomePC4r\AppData\Local\Programs\Python\Python313\Lib\site-packages\django\db\models\query.py", line 619, in get
    clone = self._chain() if self.query.combinator else self.filter(*args, **kwargs)
                                                        ~~~~~~~~~~~^^^^^^^^^^^^^^^^^
  File "C:\Users\HomePC4r\AppData\Local\Programs\Python\Python313\Lib\site-packages\django\db\models\query.py", line 1493, in filter
    return self._filter_or_exclude(False, args, kwargs)
           ~~~~~~~~~~~~~~~~~~~~~~~^^^^^^^^^^^^^^^^^^^^^
  File "C:\Users\HomePC4r\AppData\Local\Programs\Python\Python313\Lib\site-packages\django\db\models\query.py", line 1511, in _filter_or_exclude
    clone._filter_or_exclude_inplace(negate, args, kwargs)
    ~~~~~~~~~~~~~~~~~~~~~~~~~~~~~~~~^^^^^^^^^^^^^^^^^^^^^^
  File "C:\Users\HomePC4r\AppData\Local\Programs\Python\Python313\Lib\site-packages\django\db\models\query.py", line 1518, in _filter_or_exclude_inplace
    self._query.add_q(Q(*args, **kwargs))
    ~~~~~~~~~~~~~~~~~^^^^^^^^^^^^^^^^^^^^
  File "C:\Users\HomePC4r\AppData\Local\Programs\Python\Python313\Lib\site-packages\django\db\models\sql\query.py", line 1646, in add_q
    clause, _ = self._add_q(q_object, can_reuse)
                ~~~~~~~~~~~^^^^^^^^^^^^^^^^^^^^^
  File "C:\Users\HomePC4r\AppData\Local\Programs\Python\Python313\Lib\site-packages\django\db\models\sql\query.py", line 1678, in _add_q
    child_clause, needed_inner = self.build_filter(
                                 ~~~~~~~~~~~~~~~~~^
        child,
        ^^^^^^
    ...<7 lines>...
        update_join_types=update_join_types,
        ^^^^^^^^^^^^^^^^^^^^^^^^^^^^^^^^^^^^
    )
    ^
  File "C:\Users\HomePC4r\AppData\Local\Programs\Python\Python313\Lib\site-packages\django\db\models\sql\query.py", line 1588, in build_filter
    condition = self.build_lookup(lookups, col, value)
  File "C:\Users\HomePC4r\AppData\Local\Programs\Python\Python313\Lib\site-packages\django\db\models\sql\query.py", line 1415, in build_lookup
    lookup = lookup_class(lhs, rhs)
  File "C:\Users\HomePC4r\AppData\Local\Programs\Python\Python313\Lib\site-packages\django\db\models\lookups.py", line 38, in __init__
    self.rhs = self.get_prep_lookup()
               ~~~~~~~~~~~~~~~~~~~~^^
  File "C:\Users\HomePC4r\AppData\Local\Programs\Python\Python313\Lib\site-packages\django\db\models\lookups.py", line 410, in get_prep_lookup
    return super().get_prep_lookup()
           ~~~~~~~~~~~~~~~~~~~~~~~^^
  File "C:\Users\HomePC4r\AppData\Local\Programs\Python\Python313\Lib\site-packages\django\db\models\lookups.py", line 96, in get_prep_lookup
    return self.lhs.output_field.get_prep_value(self.rhs)
           ~~~~~~~~~~~~~~~~~~~~~~~~~~~~~~~~~~~~^^^^^^^^^^
  File "C:\Users\HomePC4r\AppData\Local\Programs\Python\Python313\Lib\site-packages\django\db\models\fields\__init__.py", line 2130, in get_prep_value
    raise e.__class__(
        "Field '%s' expected a number but got %r." % (self.name, value),
    ) from e
ValueError: Field 'id' expected a number but got '68ef4a8c827cfa524d7c4a48'.
"POST /api/v1/user/token/refresh/ HTTP/1.1" 500 178636
Internal Server Error: /api/v1/user/profile/
Traceback (most recent call last):
  File "C:\Users\HomePC4r\AppData\Local\Programs\Python\Python313\Lib\site-packages\django\db\models\fields\__init__.py", line 2128, in get_prep_value
    return int(value)
ValueError: invalid literal for int() with base 10: '68ef4ca1de664912d257184c'

The above exception was the direct cause of the following exception:

Traceback (most recent call last):
  File "C:\Users\HomePC4r\AppData\Local\Programs\Python\Python313\Lib\site-packages\django\core\handlers\exception.py", line 55, in inner
    response = get_response(request)
  File "C:\Users\HomePC4r\AppData\Local\Programs\Python\Python313\Lib\site-packages\django\core\handlers\base.py", line 197, in _get_response
    response = wrapped_callback(request, *callback_args, **callback_kwargs)
  File "C:\Users\HomePC4r\AppData\Local\Programs\Python\Python313\Lib\site-packages\django\views\decorators\csrf.py", line 65, in _view_wrapper
    return view_func(request, *args, **kwargs)
  File "C:\Users\HomePC4r\AppData\Local\Programs\Python\Python313\Lib\site-packages\django\views\generic\base.py", line 105, in view
    return self.dispatch(request, *args, **kwargs)
           ~~~~~~~~~~~~~^^^^^^^^^^^^^^^^^^^^^^^^^^
  File "C:\Users\HomePC4r\AppData\Local\Programs\Python\Python313\Lib\site-packages\rest_framework\views.py", line 515, in dispatch
    response = self.handle_exception(exc)
  File "C:\Users\HomePC4r\AppData\Local\Programs\Python\Python313\Lib\site-packages\rest_framework\views.py", line 475, in handle_exception
    self.raise_uncaught_exception(exc)
    ~~~~~~~~~~~~~~~~~~~~~~~~~~~~~^^^^^
  File "C:\Users\HomePC4r\AppData\Local\Programs\Python\Python313\Lib\site-packages\rest_framework\views.py", line 486, in raise_uncaught_exception
    raise exc
  File "C:\Users\HomePC4r\AppData\Local\Programs\Python\Python313\Lib\site-packages\rest_framework\views.py", line 503, in dispatch
    self.initial(request, *args, **kwargs)
    ~~~~~~~~~~~~^^^^^^^^^^^^^^^^^^^^^^^^^^
  File "C:\Users\HomePC4r\AppData\Local\Programs\Python\Python313\Lib\site-packages\rest_framework\views.py", line 420, in initial
    self.perform_authentication(request)
    ~~~~~~~~~~~~~~~~~~~~~~~~~~~^^^^^^^^^
  File "C:\Users\HomePC4r\AppData\Local\Programs\Python\Python313\Lib\site-packages\rest_framework\views.py", line 330, in perform_authentication
    request.user
  File "C:\Users\HomePC4r\AppData\Local\Programs\Python\Python313\Lib\site-packages\rest_framework\request.py", line 232, in user
    self._authenticate()
    ~~~~~~~~~~~~~~~~~~^^
  File "C:\Users\HomePC4r\AppData\Local\Programs\Python\Python313\Lib\site-packages\rest_framework\request.py", line 385, in _authenticate
    user_auth_tuple = authenticator.authenticate(self)
  File "C:\Users\HomePC4r\AppData\Local\Programs\Python\Python313\Lib\site-packages\rest_framework_simplejwt\authentication.py", line 51, in authenticate
    return self.get_user(validated_token), validated_token
           ~~~~~~~~~~~~~^^^^^^^^^^^^^^^^^
  File "C:\Users\HomePC4r\AppData\Local\Programs\Python\Python313\Lib\site-packages\rest_framework_simplejwt\authentication.py", line 132, in get_user
    user = self.user_model.objects.get(**{api_settings.USER_ID_FIELD: user_id})
  File "C:\Users\HomePC4r\AppData\Local\Programs\Python\Python313\Lib\site-packages\django\db\models\manager.py", line 87, in manager_method
    return getattr(self.get_queryset(), name)(*args, **kwargs)
           ~~~~~~~~~~~~~~~~~~~~~~~~~~~~~~~~~~^^^^^^^^^^^^^^^^^
  File "C:\Users\HomePC4r\AppData\Local\Programs\Python\Python313\Lib\site-packages\django\db\models\query.py", line 619, in get
    clone = self._chain() if self.query.combinator else self.filter(*args, **kwargs)
                                                        ~~~~~~~~~~~^^^^^^^^^^^^^^^^^
  File "C:\Users\HomePC4r\AppData\Local\Programs\Python\Python313\Lib\site-packages\django\db\models\query.py", line 1493, in filter
    return self._filter_or_exclude(False, args, kwargs)
           ~~~~~~~~~~~~~~~~~~~~~~~^^^^^^^^^^^^^^^^^^^^^
  File "C:\Users\HomePC4r\AppData\Local\Programs\Python\Python313\Lib\site-packages\django\db\models\query.py", line 1511, in _filter_or_exclude
    clone._filter_or_exclude_inplace(negate, args, kwargs)
    ~~~~~~~~~~~~~~~~~~~~~~~~~~~~~~~~^^^^^^^^^^^^^^^^^^^^^^
  File "C:\Users\HomePC4r\AppData\Local\Programs\Python\Python313\Lib\site-packages\django\db\models\query.py", line 1518, in _filter_or_exclude_inplace
    self._query.add_q(Q(*args, **kwargs))
    ~~~~~~~~~~~~~~~~~^^^^^^^^^^^^^^^^^^^^
  File "C:\Users\HomePC4r\AppData\Local\Programs\Python\Python313\Lib\site-packages\django\db\models\sql\query.py", line 1646, in add_q
    clause, _ = self._add_q(q_object, can_reuse)
                ~~~~~~~~~~~^^^^^^^^^^^^^^^^^^^^^
  File "C:\Users\HomePC4r\AppData\Local\Programs\Python\Python313\Lib\site-packages\django\db\models\sql\query.py", line 1678, in _add_q
    child_clause, needed_inner = self.build_filter(
                                 ~~~~~~~~~~~~~~~~~^
        child,
        ^^^^^^
    ...<7 lines>...
        update_join_types=update_join_types,
        ^^^^^^^^^^^^^^^^^^^^^^^^^^^^^^^^^^^^
    )
    ^
  File "C:\Users\HomePC4r\AppData\Local\Programs\Python\Python313\Lib\site-packages\django\db\models\sql\query.py", line 1588, in build_filter
    condition = self.build_lookup(lookups, col, value)
  File "C:\Users\HomePC4r\AppData\Local\Programs\Python\Python313\Lib\site-packages\django\db\models\sql\query.py", line 1415, in build_lookup
    lookup = lookup_class(lhs, rhs)
  File "C:\Users\HomePC4r\AppData\Local\Programs\Python\Python313\Lib\site-packages\django\db\models\lookups.py", line 38, in __init__
    self.rhs = self.get_prep_lookup()
               ~~~~~~~~~~~~~~~~~~~~^^
  File "C:\Users\HomePC4r\AppData\Local\Programs\Python\Python313\Lib\site-packages\django\db\models\lookups.py", line 410, in get_prep_lookup
    return super().get_prep_lookup()
           ~~~~~~~~~~~~~~~~~~~~~~~^^
  File "C:\Users\HomePC4r\AppData\Local\Programs\Python\Python313\Lib\site-packages\django\db\models\lookups.py", line 96, in get_prep_lookup
    return self.lhs.output_field.get_prep_value(self.rhs)
           ~~~~~~~~~~~~~~~~~~~~~~~~~~~~~~~~~~~~^^^^^^^^^^
  File "C:\Users\HomePC4r\AppData\Local\Programs\Python\Python313\Lib\site-packages\django\db\models\fields\__init__.py", line 2130, in get_prep_value
    raise e.__class__(
        "Field '%s' expected a number but got %r." % (self.name, value),
    ) from e
ValueError: Field 'id' expected a number but got '68ef4ca1de664912d257184c'.
"GET /api/v1/user/profile/ HTTP/1.1" 500 184119
Internal Server Error: /api/v1/user/token/refresh/
Traceback (most recent call last):
  File "C:\Users\HomePC4r\AppData\Local\Programs\Python\Python313\Lib\site-packages\django\db\models\fields\__init__.py", line 2128, in get_prep_value
    return int(value)
ValueError: invalid literal for int() with base 10: '68ef4ca1de664912d257184c'

The above exception was the direct cause of the following exception:

Traceback (most recent call last):
  File "C:\Users\HomePC4r\AppData\Local\Programs\Python\Python313\Lib\site-packages\django\core\handlers\exception.py", line 55, in inner
    response = get_response(request)
  File "C:\Users\HomePC4r\AppData\Local\Programs\Python\Python313\Lib\site-packages\django\core\handlers\base.py", line 197, in _get_response
    response = wrapped_callback(request, *callback_args, **callback_kwargs)
  File "C:\Users\HomePC4r\AppData\Local\Programs\Python\Python313\Lib\site-packages\django\views\decorators\csrf.py", line 65, in _view_wrapper
    return view_func(request, *args, **kwargs)
  File "C:\Users\HomePC4r\AppData\Local\Programs\Python\Python313\Lib\site-packages\django\views\generic\base.py", line 105, in view
    return self.dispatch(request, *args, **kwargs)
           ~~~~~~~~~~~~~^^^^^^^^^^^^^^^^^^^^^^^^^^
  File "C:\Users\HomePC4r\AppData\Local\Programs\Python\Python313\Lib\site-packages\rest_framework\views.py", line 515, in dispatch
    response = self.handle_exception(exc)
  File "C:\Users\HomePC4r\AppData\Local\Programs\Python\Python313\Lib\site-packages\rest_framework\views.py", line 475, in handle_exception
    self.raise_uncaught_exception(exc)
    ~~~~~~~~~~~~~~~~~~~~~~~~~~~~~^^^^^
  File "C:\Users\HomePC4r\AppData\Local\Programs\Python\Python313\Lib\site-packages\rest_framework\views.py", line 486, in raise_uncaught_exception
    raise exc
  File "C:\Users\HomePC4r\AppData\Local\Programs\Python\Python313\Lib\site-packages\rest_framework\views.py", line 512, in dispatch
    response = handler(request, *args, **kwargs)
  File "C:\Users\HomePC4r\AppData\Local\Programs\Python\Python313\Lib\site-packages\rest_framework_simplejwt\views.py", line 46, in post
    serializer.is_valid(raise_exception=True)
    ~~~~~~~~~~~~~~~~~~~^^^^^^^^^^^^^^^^^^^^^^
  File "C:\Users\HomePC4r\AppData\Local\Programs\Python\Python313\Lib\site-packages\rest_framework\serializers.py", line 225, in is_valid
    self._validated_data = self.run_validation(self.initial_data)
                           ~~~~~~~~~~~~~~~~~~~^^^^^^^^^^^^^^^^^^^
  File "C:\Users\HomePC4r\AppData\Local\Programs\Python\Python313\Lib\site-packages\rest_framework\serializers.py", line 447, in run_validation
    value = self.validate(value)
  File "C:\Users\HomePC4r\AppData\Local\Programs\Python\Python313\Lib\site-packages\rest_framework_simplejwt\serializers.py", line 116, in validate
    user := get_user_model().objects.get(
            ~~~~~~~~~~~~~~~~~~~~~~~~~~~~^
        **{api_settings.USER_ID_FIELD: user_id}
        ^^^^^^^^^^^^^^^^^^^^^^^^^^^^^^^^^^^^^^^
    )
    ^
  File "C:\Users\HomePC4r\AppData\Local\Programs\Python\Python313\Lib\site-packages\django\db\models\manager.py", line 87, in manager_method
    return getattr(self.get_queryset(), name)(*args, **kwargs)
           ~~~~~~~~~~~~~~~~~~~~~~~~~~~~~~~~~~^^^^^^^^^^^^^^^^^
  File "C:\Users\HomePC4r\AppData\Local\Programs\Python\Python313\Lib\site-packages\django\db\models\query.py", line 619, in get
    clone = self._chain() if self.query.combinator else self.filter(*args, **kwargs)
                                                        ~~~~~~~~~~~^^^^^^^^^^^^^^^^^
  File "C:\Users\HomePC4r\AppData\Local\Programs\Python\Python313\Lib\site-packages\django\db\models\query.py", line 1493, in filter
    return self._filter_or_exclude(False, args, kwargs)
           ~~~~~~~~~~~~~~~~~~~~~~~^^^^^^^^^^^^^^^^^^^^^
  File "C:\Users\HomePC4r\AppData\Local\Programs\Python\Python313\Lib\site-packages\django\db\models\query.py", line 1511, in _filter_or_exclude
    clone._filter_or_exclude_inplace(negate, args, kwargs)
    ~~~~~~~~~~~~~~~~~~~~~~~~~~~~~~~~^^^^^^^^^^^^^^^^^^^^^^
  File "C:\Users\HomePC4r\AppData\Local\Programs\Python\Python313\Lib\site-packages\django\db\models\query.py", line 1518, in _filter_or_exclude_inplace
    self._query.add_q(Q(*args, **kwargs))
    ~~~~~~~~~~~~~~~~~^^^^^^^^^^^^^^^^^^^^
  File "C:\Users\HomePC4r\AppData\Local\Programs\Python\Python313\Lib\site-packages\django\db\models\sql\query.py", line 1646, in add_q
    clause, _ = self._add_q(q_object, can_reuse)
                ~~~~~~~~~~~^^^^^^^^^^^^^^^^^^^^^
  File "C:\Users\HomePC4r\AppData\Local\Programs\Python\Python313\Lib\site-packages\django\db\models\sql\query.py", line 1678, in _add_q
    child_clause, needed_inner = self.build_filter(
                                 ~~~~~~~~~~~~~~~~~^
        child,
        ^^^^^^
    ...<7 lines>...
        update_join_types=update_join_types,
        ^^^^^^^^^^^^^^^^^^^^^^^^^^^^^^^^^^^^
    )
    ^
  File "C:\Users\HomePC4r\AppData\Local\Programs\Python\Python313\Lib\site-packages\django\db\models\sql\query.py", line 1588, in build_filter
    condition = self.build_lookup(lookups, col, value)
  File "C:\Users\HomePC4r\AppData\Local\Programs\Python\Python313\Lib\site-packages\django\db\models\sql\query.py", line 1415, in build_lookup
    lookup = lookup_class(lhs, rhs)
  File "C:\Users\HomePC4r\AppData\Local\Programs\Python\Python313\Lib\site-packages\django\db\models\lookups.py", line 38, in __init__
    self.rhs = self.get_prep_lookup()
               ~~~~~~~~~~~~~~~~~~~~^^
  File "C:\Users\HomePC4r\AppData\Local\Programs\Python\Python313\Lib\site-packages\django\db\models\lookups.py", line 410, in get_prep_lookup
    return super().get_prep_lookup()
           ~~~~~~~~~~~~~~~~~~~~~~~^^
  File "C:\Users\HomePC4r\AppData\Local\Programs\Python\Python313\Lib\site-packages\django\db\models\lookups.py", line 96, in get_prep_lookup
    return self.lhs.output_field.get_prep_value(self.rhs)
           ~~~~~~~~~~~~~~~~~~~~~~~~~~~~~~~~~~~~^^^^^^^^^^
  File "C:\Users\HomePC4r\AppData\Local\Programs\Python\Python313\Lib\site-packages\django\db\models\fields\__init__.py", line 2130, in get_prep_value
    raise e.__class__(
        "Field '%s' expected a number but got %r." % (self.name, value),
    ) from e
ValueError: Field 'id' expected a number but got '68ef4ca1de664912d257184c'.
"POST /api/v1/user/token/refresh/ HTTP/1.1" 500 178636
Internal Server Error: /api/v1/user/profile/
Traceback (most recent call last):
  File "C:\Users\HomePC4r\AppData\Local\Programs\Python\Python313\Lib\site-packages\django\db\models\fields\__init__.py", line 2128, in get_prep_value
    return int(value)
ValueError: invalid literal for int() with base 10: '68ef4e645bcae28420d846bb'

The above exception was the direct cause of the following exception:

Traceback (most recent call last):
  File "C:\Users\HomePC4r\AppData\Local\Programs\Python\Python313\Lib\site-packages\django\core\handlers\exception.py", line 55, in inner
    response = get_response(request)
  File "C:\Users\HomePC4r\AppData\Local\Programs\Python\Python313\Lib\site-packages\django\core\handlers\base.py", line 197, in _get_response
    response = wrapped_callback(request, *callback_args, **callback_kwargs)
  File "C:\Users\HomePC4r\AppData\Local\Programs\Python\Python313\Lib\site-packages\django\views\decorators\csrf.py", line 65, in _view_wrapper
    return view_func(request, *args, **kwargs)
  File "C:\Users\HomePC4r\AppData\Local\Programs\Python\Python313\Lib\site-packages\django\views\generic\base.py", line 105, in view
    return self.dispatch(request, *args, **kwargs)
           ~~~~~~~~~~~~~^^^^^^^^^^^^^^^^^^^^^^^^^^
  File "C:\Users\HomePC4r\AppData\Local\Programs\Python\Python313\Lib\site-packages\rest_framework\views.py", line 515, in dispatch
    response = self.handle_exception(exc)
  File "C:\Users\HomePC4r\AppData\Local\Programs\Python\Python313\Lib\site-packages\rest_framework\views.py", line 475, in handle_exception
    self.raise_uncaught_exception(exc)
    ~~~~~~~~~~~~~~~~~~~~~~~~~~~~~^^^^^
  File "C:\Users\HomePC4r\AppData\Local\Programs\Python\Python313\Lib\site-packages\rest_framework\views.py", line 486, in raise_uncaught_exception
    raise exc
  File "C:\Users\HomePC4r\AppData\Local\Programs\Python\Python313\Lib\site-packages\rest_framework\views.py", line 503, in dispatch
    self.initial(request, *args, **kwargs)
    ~~~~~~~~~~~~^^^^^^^^^^^^^^^^^^^^^^^^^^
  File "C:\Users\HomePC4r\AppData\Local\Programs\Python\Python313\Lib\site-packages\rest_framework\views.py", line 420, in initial
    self.perform_authentication(request)
    ~~~~~~~~~~~~~~~~~~~~~~~~~~~^^^^^^^^^
  File "C:\Users\HomePC4r\AppData\Local\Programs\Python\Python313\Lib\site-packages\rest_framework\views.py", line 330, in perform_authentication
    request.user
  File "C:\Users\HomePC4r\AppData\Local\Programs\Python\Python313\Lib\site-packages\rest_framework\request.py", line 232, in user
    self._authenticate()
    ~~~~~~~~~~~~~~~~~~^^
  File "C:\Users\HomePC4r\AppData\Local\Programs\Python\Python313\Lib\site-packages\rest_framework\request.py", line 385, in _authenticate
    user_auth_tuple = authenticator.authenticate(self)
  File "C:\Users\HomePC4r\AppData\Local\Programs\Python\Python313\Lib\site-packages\rest_framework_simplejwt\authentication.py", line 51, in authenticate
    return self.get_user(validated_token), validated_token
           ~~~~~~~~~~~~~^^^^^^^^^^^^^^^^^
  File "C:\Users\HomePC4r\AppData\Local\Programs\Python\Python313\Lib\site-packages\rest_framework_simplejwt\authentication.py", line 132, in get_user
    user = self.user_model.objects.get(**{api_settings.USER_ID_FIELD: user_id})
  File "C:\Users\HomePC4r\AppData\Local\Programs\Python\Python313\Lib\site-packages\django\db\models\manager.py", line 87, in manager_method
    return getattr(self.get_queryset(), name)(*args, **kwargs)
           ~~~~~~~~~~~~~~~~~~~~~~~~~~~~~~~~~~^^^^^^^^^^^^^^^^^
  File "C:\Users\HomePC4r\AppData\Local\Programs\Python\Python313\Lib\site-packages\django\db\models\query.py", line 619, in get
    clone = self._chain() if self.query.combinator else self.filter(*args, **kwargs)
                                                        ~~~~~~~~~~~^^^^^^^^^^^^^^^^^
  File "C:\Users\HomePC4r\AppData\Local\Programs\Python\Python313\Lib\site-packages\django\db\models\query.py", line 1493, in filter
    return self._filter_or_exclude(False, args, kwargs)
           ~~~~~~~~~~~~~~~~~~~~~~~^^^^^^^^^^^^^^^^^^^^^
  File "C:\Users\HomePC4r\AppData\Local\Programs\Python\Python313\Lib\site-packages\django\db\models\query.py", line 1511, in _filter_or_exclude
    clone._filter_or_exclude_inplace(negate, args, kwargs)
    ~~~~~~~~~~~~~~~~~~~~~~~~~~~~~~~~^^^^^^^^^^^^^^^^^^^^^^
  File "C:\Users\HomePC4r\AppData\Local\Programs\Python\Python313\Lib\site-packages\django\db\models\query.py", line 1518, in _filter_or_exclude_inplace
    self._query.add_q(Q(*args, **kwargs))
    ~~~~~~~~~~~~~~~~~^^^^^^^^^^^^^^^^^^^^
  File "C:\Users\HomePC4r\AppData\Local\Programs\Python\Python313\Lib\site-packages\django\db\models\sql\query.py", line 1646, in add_q
    clause, _ = self._add_q(q_object, can_reuse)
                ~~~~~~~~~~~^^^^^^^^^^^^^^^^^^^^^
  File "C:\Users\HomePC4r\AppData\Local\Programs\Python\Python313\Lib\site-packages\django\db\models\sql\query.py", line 1678, in _add_q
    child_clause, needed_inner = self.build_filter(
                                 ~~~~~~~~~~~~~~~~~^
        child,
        ^^^^^^
    ...<7 lines>...
        update_join_types=update_join_types,
        ^^^^^^^^^^^^^^^^^^^^^^^^^^^^^^^^^^^^
    )
    ^
  File "C:\Users\HomePC4r\AppData\Local\Programs\Python\Python313\Lib\site-packages\django\db\models\sql\query.py", line 1588, in build_filter
    condition = self.build_lookup(lookups, col, value)
  File "C:\Users\HomePC4r\AppData\Local\Programs\Python\Python313\Lib\site-packages\django\db\models\sql\query.py", line 1415, in build_lookup
    lookup = lookup_class(lhs, rhs)
  File "C:\Users\HomePC4r\AppData\Local\Programs\Python\Python313\Lib\site-packages\django\db\models\lookups.py", line 38, in __init__
    self.rhs = self.get_prep_lookup()
               ~~~~~~~~~~~~~~~~~~~~^^
  File "C:\Users\HomePC4r\AppData\Local\Programs\Python\Python313\Lib\site-packages\django\db\models\lookups.py", line 410, in get_prep_lookup
    return super().get_prep_lookup()
           ~~~~~~~~~~~~~~~~~~~~~~~^^
  File "C:\Users\HomePC4r\AppData\Local\Programs\Python\Python313\Lib\site-packages\django\db\models\lookups.py", line 96, in get_prep_lookup
    return self.lhs.output_field.get_prep_value(self.rhs)
           ~~~~~~~~~~~~~~~~~~~~~~~~~~~~~~~~~~~~^^^^^^^^^^
  File "C:\Users\HomePC4r\AppData\Local\Programs\Python\Python313\Lib\site-packages\django\db\models\fields\__init__.py", line 2130, in get_prep_value
    raise e.__class__(
        "Field '%s' expected a number but got %r." % (self.name, value),
    ) from e
ValueError: Field 'id' expected a number but got '68ef4e645bcae28420d846bb'.
"GET /api/v1/user/profile/ HTTP/1.1" 500 184119
Internal Server Error: /api/v1/user/token/refresh/
Traceback (most recent call last):
  File "C:\Users\HomePC4r\AppData\Local\Programs\Python\Python313\Lib\site-packages\django\db\models\fields\__init__.py", line 2128, in get_prep_value
    return int(value)
ValueError: invalid literal for int() with base 10: '68ef4e645bcae28420d846bb'

The above exception was the direct cause of the following exception:

Traceback (most recent call last):
  File "C:\Users\HomePC4r\AppData\Local\Programs\Python\Python313\Lib\site-packages\django\core\handlers\exception.py", line 55, in inner
    response = get_response(request)
  File "C:\Users\HomePC4r\AppData\Local\Programs\Python\Python313\Lib\site-packages\django\core\handlers\base.py", line 197, in _get_response
    response = wrapped_callback(request, *callback_args, **callback_kwargs)
  File "C:\Users\HomePC4r\AppData\Local\Programs\Python\Python313\Lib\site-packages\django\views\decorators\csrf.py", line 65, in _view_wrapper
    return view_func(request, *args, **kwargs)
  File "C:\Users\HomePC4r\AppData\Local\Programs\Python\Python313\Lib\site-packages\django\views\generic\base.py", line 105, in view
    return self.dispatch(request, *args, **kwargs)
           ~~~~~~~~~~~~~^^^^^^^^^^^^^^^^^^^^^^^^^^
  File "C:\Users\HomePC4r\AppData\Local\Programs\Python\Python313\Lib\site-packages\rest_framework\views.py", line 515, in dispatch
    response = self.handle_exception(exc)
  File "C:\Users\HomePC4r\AppData\Local\Programs\Python\Python313\Lib\site-packages\rest_framework\views.py", line 475, in handle_exception
    self.raise_uncaught_exception(exc)
    ~~~~~~~~~~~~~~~~~~~~~~~~~~~~~^^^^^
  File "C:\Users\HomePC4r\AppData\Local\Programs\Python\Python313\Lib\site-packages\rest_framework\views.py", line 486, in raise_uncaught_exception
    raise exc
  File "C:\Users\HomePC4r\AppData\Local\Programs\Python\Python313\Lib\site-packages\rest_framework\views.py", line 512, in dispatch
    response = handler(request, *args, **kwargs)
  File "C:\Users\HomePC4r\AppData\Local\Programs\Python\Python313\Lib\site-packages\rest_framework_simplejwt\views.py", line 46, in post
    serializer.is_valid(raise_exception=True)
    ~~~~~~~~~~~~~~~~~~~^^^^^^^^^^^^^^^^^^^^^^
  File "C:\Users\HomePC4r\AppData\Local\Programs\Python\Python313\Lib\site-packages\rest_framework\serializers.py", line 225, in is_valid
    self._validated_data = self.run_validation(self.initial_data)
                           ~~~~~~~~~~~~~~~~~~~^^^^^^^^^^^^^^^^^^^
  File "C:\Users\HomePC4r\AppData\Local\Programs\Python\Python313\Lib\site-packages\rest_framework\serializers.py", line 447, in run_validation
    value = self.validate(value)
  File "C:\Users\HomePC4r\AppData\Local\Programs\Python\Python313\Lib\site-packages\rest_framework_simplejwt\serializers.py", line 116, in validate
    user := get_user_model().objects.get(
            ~~~~~~~~~~~~~~~~~~~~~~~~~~~~^
        **{api_settings.USER_ID_FIELD: user_id}
        ^^^^^^^^^^^^^^^^^^^^^^^^^^^^^^^^^^^^^^^
    )
    ^
  File "C:\Users\HomePC4r\AppData\Local\Programs\Python\Python313\Lib\site-packages\django\db\models\manager.py", line 87, in manager_method
    return getattr(self.get_queryset(), name)(*args, **kwargs)
           ~~~~~~~~~~~~~~~~~~~~~~~~~~~~~~~~~~^^^^^^^^^^^^^^^^^
  File "C:\Users\HomePC4r\AppData\Local\Programs\Python\Python313\Lib\site-packages\django\db\models\query.py", line 619, in get
    clone = self._chain() if self.query.combinator else self.filter(*args, **kwargs)
                                                        ~~~~~~~~~~~^^^^^^^^^^^^^^^^^
  File "C:\Users\HomePC4r\AppData\Local\Programs\Python\Python313\Lib\site-packages\django\db\models\query.py", line 1493, in filter
    return self._filter_or_exclude(False, args, kwargs)
           ~~~~~~~~~~~~~~~~~~~~~~~^^^^^^^^^^^^^^^^^^^^^
  File "C:\Users\HomePC4r\AppData\Local\Programs\Python\Python313\Lib\site-packages\django\db\models\query.py", line 1511, in _filter_or_exclude
    clone._filter_or_exclude_inplace(negate, args, kwargs)
    ~~~~~~~~~~~~~~~~~~~~~~~~~~~~~~~~^^^^^^^^^^^^^^^^^^^^^^
  File "C:\Users\HomePC4r\AppData\Local\Programs\Python\Python313\Lib\site-packages\django\db\models\query.py", line 1518, in _filter_or_exclude_inplace
    self._query.add_q(Q(*args, **kwargs))
    ~~~~~~~~~~~~~~~~~^^^^^^^^^^^^^^^^^^^^
  File "C:\Users\HomePC4r\AppData\Local\Programs\Python\Python313\Lib\site-packages\django\db\models\sql\query.py", line 1646, in add_q
    clause, _ = self._add_q(q_object, can_reuse)
                ~~~~~~~~~~~^^^^^^^^^^^^^^^^^^^^^
  File "C:\Users\HomePC4r\AppData\Local\Programs\Python\Python313\Lib\site-packages\django\db\models\sql\query.py", line 1678, in _add_q
    child_clause, needed_inner = self.build_filter(
                                 ~~~~~~~~~~~~~~~~~^
        child,
        ^^^^^^
    ...<7 lines>...
        update_join_types=update_join_types,
        ^^^^^^^^^^^^^^^^^^^^^^^^^^^^^^^^^^^^
    )
    ^
  File "C:\Users\HomePC4r\AppData\Local\Programs\Python\Python313\Lib\site-packages\django\db\models\sql\query.py", line 1588, in build_filter
    condition = self.build_lookup(lookups, col, value)
  File "C:\Users\HomePC4r\AppData\Local\Programs\Python\Python313\Lib\site-packages\django\db\models\sql\query.py", line 1415, in build_lookup
    lookup = lookup_class(lhs, rhs)
  File "C:\Users\HomePC4r\AppData\Local\Programs\Python\Python313\Lib\site-packages\django\db\models\lookups.py", line 38, in __init__
    self.rhs = self.get_prep_lookup()
               ~~~~~~~~~~~~~~~~~~~~^^
  File "C:\Users\HomePC4r\AppData\Local\Programs\Python\Python313\Lib\site-packages\django\db\models\lookups.py", line 410, in get_prep_lookup
    return super().get_prep_lookup()
           ~~~~~~~~~~~~~~~~~~~~~~~^^
  File "C:\Users\HomePC4r\AppData\Local\Programs\Python\Python313\Lib\site-packages\django\db\models\lookups.py", line 96, in get_prep_lookup
    return self.lhs.output_field.get_prep_value(self.rhs)
           ~~~~~~~~~~~~~~~~~~~~~~~~~~~~~~~~~~~~^^^^^^^^^^
  File "C:\Users\HomePC4r\AppData\Local\Programs\Python\Python313\Lib\site-packages\django\db\models\fields\__init__.py", line 2130, in get_prep_value
    raise e.__class__(
        "Field '%s' expected a number but got %r." % (self.name, value),
    ) from e
ValueError: Field 'id' expected a number but got '68ef4e645bcae28420d846bb'.
"POST /api/v1/user/token/refresh/ HTTP/1.1" 500 178636
Internal Server Error: /api/v1/user/profile/
Traceback (most recent call last):
  File "C:\Users\HomePC4r\AppData\Local\Programs\Python\Python313\Lib\site-packages\django\db\models\fields\__init__.py", line 2128, in get_prep_value
    return int(value)
ValueError: invalid literal for int() with base 10: '68ef54652708b399cf0251aa'

The above exception was the direct cause of the following exception:

Traceback (most recent call last):
  File "C:\Users\HomePC4r\AppData\Local\Programs\Python\Python313\Lib\site-packages\django\core\handlers\exception.py", line 55, in inner
    response = get_response(request)
  File "C:\Users\HomePC4r\AppData\Local\Programs\Python\Python313\Lib\site-packages\django\core\handlers\base.py", line 197, in _get_response
    response = wrapped_callback(request, *callback_args, **callback_kwargs)
  File "C:\Users\HomePC4r\AppData\Local\Programs\Python\Python313\Lib\site-packages\django\views\decorators\csrf.py", line 65, in _view_wrapper
    return view_func(request, *args, **kwargs)
  File "C:\Users\HomePC4r\AppData\Local\Programs\Python\Python313\Lib\site-packages\django\views\generic\base.py", line 105, in view
    return self.dispatch(request, *args, **kwargs)
           ~~~~~~~~~~~~~^^^^^^^^^^^^^^^^^^^^^^^^^^
  File "C:\Users\HomePC4r\AppData\Local\Programs\Python\Python313\Lib\site-packages\rest_framework\views.py", line 515, in dispatch
    response = self.handle_exception(exc)
  File "C:\Users\HomePC4r\AppData\Local\Programs\Python\Python313\Lib\site-packages\rest_framework\views.py", line 475, in handle_exception
    self.raise_uncaught_exception(exc)
    ~~~~~~~~~~~~~~~~~~~~~~~~~~~~~^^^^^
  File "C:\Users\HomePC4r\AppData\Local\Programs\Python\Python313\Lib\site-packages\rest_framework\views.py", line 486, in raise_uncaught_exception
    raise exc
  File "C:\Users\HomePC4r\AppData\Local\Programs\Python\Python313\Lib\site-packages\rest_framework\views.py", line 503, in dispatch
    self.initial(request, *args, **kwargs)
    ~~~~~~~~~~~~^^^^^^^^^^^^^^^^^^^^^^^^^^
  File "C:\Users\HomePC4r\AppData\Local\Programs\Python\Python313\Lib\site-packages\rest_framework\views.py", line 420, in initial
    self.perform_authentication(request)
    ~~~~~~~~~~~~~~~~~~~~~~~~~~~^^^^^^^^^
  File "C:\Users\HomePC4r\AppData\Local\Programs\Python\Python313\Lib\site-packages\rest_framework\views.py", line 330, in perform_authentication
    request.user
  File "C:\Users\HomePC4r\AppData\Local\Programs\Python\Python313\Lib\site-packages\rest_framework\request.py", line 232, in user
    self._authenticate()
    ~~~~~~~~~~~~~~~~~~^^
  File "C:\Users\HomePC4r\AppData\Local\Programs\Python\Python313\Lib\site-packages\rest_framework\request.py", line 385, in _authenticate
    user_auth_tuple = authenticator.authenticate(self)
  File "C:\Users\HomePC4r\AppData\Local\Programs\Python\Python313\Lib\site-packages\rest_framework_simplejwt\authentication.py", line 51, in authenticate
    return self.get_user(validated_token), validated_token
           ~~~~~~~~~~~~~^^^^^^^^^^^^^^^^^
  File "C:\Users\HomePC4r\AppData\Local\Programs\Python\Python313\Lib\site-packages\rest_framework_simplejwt\authentication.py", line 132, in get_user
    user = self.user_model.objects.get(**{api_settings.USER_ID_FIELD: user_id})
  File "C:\Users\HomePC4r\AppData\Local\Programs\Python\Python313\Lib\site-packages\django\db\models\manager.py", line 87, in manager_method
    return getattr(self.get_queryset(), name)(*args, **kwargs)
           ~~~~~~~~~~~~~~~~~~~~~~~~~~~~~~~~~~^^^^^^^^^^^^^^^^^
  File "C:\Users\HomePC4r\AppData\Local\Programs\Python\Python313\Lib\site-packages\django\db\models\query.py", line 619, in get
    clone = self._chain() if self.query.combinator else self.filter(*args, **kwargs)
                                                        ~~~~~~~~~~~^^^^^^^^^^^^^^^^^
  File "C:\Users\HomePC4r\AppData\Local\Programs\Python\Python313\Lib\site-packages\django\db\models\query.py", line 1493, in filter
    return self._filter_or_exclude(False, args, kwargs)
           ~~~~~~~~~~~~~~~~~~~~~~~^^^^^^^^^^^^^^^^^^^^^
  File "C:\Users\HomePC4r\AppData\Local\Programs\Python\Python313\Lib\site-packages\django\db\models\query.py", line 1511, in _filter_or_exclude
    clone._filter_or_exclude_inplace(negate, args, kwargs)
    ~~~~~~~~~~~~~~~~~~~~~~~~~~~~~~~~^^^^^^^^^^^^^^^^^^^^^^
  File "C:\Users\HomePC4r\AppData\Local\Programs\Python\Python313\Lib\site-packages\django\db\models\query.py", line 1518, in _filter_or_exclude_inplace
    self._query.add_q(Q(*args, **kwargs))
    ~~~~~~~~~~~~~~~~~^^^^^^^^^^^^^^^^^^^^
  File "C:\Users\HomePC4r\AppData\Local\Programs\Python\Python313\Lib\site-packages\django\db\models\sql\query.py", line 1646, in add_q
    clause, _ = self._add_q(q_object, can_reuse)
                ~~~~~~~~~~~^^^^^^^^^^^^^^^^^^^^^
  File "C:\Users\HomePC4r\AppData\Local\Programs\Python\Python313\Lib\site-packages\django\db\models\sql\query.py", line 1678, in _add_q
    child_clause, needed_inner = self.build_filter(
                                 ~~~~~~~~~~~~~~~~~^
        child,
        ^^^^^^
    ...<7 lines>...
        update_join_types=update_join_types,
        ^^^^^^^^^^^^^^^^^^^^^^^^^^^^^^^^^^^^
    )
    ^
  File "C:\Users\HomePC4r\AppData\Local\Programs\Python\Python313\Lib\site-packages\django\db\models\sql\query.py", line 1588, in build_filter
    condition = self.build_lookup(lookups, col, value)
  File "C:\Users\HomePC4r\AppData\Local\Programs\Python\Python313\Lib\site-packages\django\db\models\sql\query.py", line 1415, in build_lookup
    lookup = lookup_class(lhs, rhs)
  File "C:\Users\HomePC4r\AppData\Local\Programs\Python\Python313\Lib\site-packages\django\db\models\lookups.py", line 38, in __init__
    self.rhs = self.get_prep_lookup()
               ~~~~~~~~~~~~~~~~~~~~^^
  File "C:\Users\HomePC4r\AppData\Local\Programs\Python\Python313\Lib\site-packages\django\db\models\lookups.py", line 410, in get_prep_lookup
    return super().get_prep_lookup()
           ~~~~~~~~~~~~~~~~~~~~~~~^^
  File "C:\Users\HomePC4r\AppData\Local\Programs\Python\Python313\Lib\site-packages\django\db\models\lookups.py", line 96, in get_prep_lookup
    return self.lhs.output_field.get_prep_value(self.rhs)
           ~~~~~~~~~~~~~~~~~~~~~~~~~~~~~~~~~~~~^^^^^^^^^^
  File "C:\Users\HomePC4r\AppData\Local\Programs\Python\Python313\Lib\site-packages\django\db\models\fields\__init__.py", line 2130, in get_prep_value
    raise e.__class__(
        "Field '%s' expected a number but got %r." % (self.name, value),
    ) from e
ValueError: Field 'id' expected a number but got '68ef54652708b399cf0251aa'.
"GET /api/v1/user/profile/ HTTP/1.1" 500 184119
Internal Server Error: /api/v1/user/refresh/
Traceback (most recent call last):
  File "C:\Users\HomePC4r\AppData\Local\Programs\Python\Python313\Lib\site-packages\django\db\models\fields\__init__.py", line 2128, in get_prep_value
    return int(value)
ValueError: invalid literal for int() with base 10: '68ef54652708b399cf0251aa'

The above exception was the direct cause of the following exception:

Traceback (most recent call last):
  File "C:\Users\HomePC4r\AppData\Local\Programs\Python\Python313\Lib\site-packages\django\core\handlers\exception.py", line 55, in inner
    response = get_response(request)
  File "C:\Users\HomePC4r\AppData\Local\Programs\Python\Python313\Lib\site-packages\django\core\handlers\base.py", line 197, in _get_response
    response = wrapped_callback(request, *callback_args, **callback_kwargs)
  File "C:\Users\HomePC4r\AppData\Local\Programs\Python\Python313\Lib\site-packages\django\views\decorators\csrf.py", line 65, in _view_wrapper
    return view_func(request, *args, **kwargs)
  File "C:\Users\HomePC4r\AppData\Local\Programs\Python\Python313\Lib\site-packages\django\views\generic\base.py", line 105, in view
    return self.dispatch(request, *args, **kwargs)
           ~~~~~~~~~~~~~^^^^^^^^^^^^^^^^^^^^^^^^^^
  File "C:\Users\HomePC4r\AppData\Local\Programs\Python\Python313\Lib\site-packages\rest_framework\views.py", line 515, in dispatch
    response = self.handle_exception(exc)
  File "C:\Users\HomePC4r\AppData\Local\Programs\Python\Python313\Lib\site-packages\rest_framework\views.py", line 475, in handle_exception
    self.raise_uncaught_exception(exc)
    ~~~~~~~~~~~~~~~~~~~~~~~~~~~~~^^^^^
  File "C:\Users\HomePC4r\AppData\Local\Programs\Python\Python313\Lib\site-packages\rest_framework\views.py", line 486, in raise_uncaught_exception
    raise exc
  File "C:\Users\HomePC4r\AppData\Local\Programs\Python\Python313\Lib\site-packages\rest_framework\views.py", line 503, in dispatch
    self.initial(request, *args, **kwargs)
    ~~~~~~~~~~~~^^^^^^^^^^^^^^^^^^^^^^^^^^
  File "C:\Users\HomePC4r\AppData\Local\Programs\Python\Python313\Lib\site-packages\rest_framework\views.py", line 420, in initial
    self.perform_authentication(request)
    ~~~~~~~~~~~~~~~~~~~~~~~~~~~^^^^^^^^^
  File "C:\Users\HomePC4r\AppData\Local\Programs\Python\Python313\Lib\site-packages\rest_framework\views.py", line 330, in perform_authentication
    request.user
  File "C:\Users\HomePC4r\AppData\Local\Programs\Python\Python313\Lib\site-packages\rest_framework\request.py", line 232, in user
    self._authenticate()
    ~~~~~~~~~~~~~~~~~~^^
  File "C:\Users\HomePC4r\AppData\Local\Programs\Python\Python313\Lib\site-packages\rest_framework\request.py", line 385, in _authenticate
    user_auth_tuple = authenticator.authenticate(self)
  File "C:\Users\HomePC4r\AppData\Local\Programs\Python\Python313\Lib\site-packages\rest_framework_simplejwt\authentication.py", line 51, in authenticate
    return self.get_user(validated_token), validated_token
           ~~~~~~~~~~~~~^^^^^^^^^^^^^^^^^
  File "C:\Users\HomePC4r\AppData\Local\Programs\Python\Python313\Lib\site-packages\rest_framework_simplejwt\authentication.py", line 132, in get_user
    user = self.user_model.objects.get(**{api_settings.USER_ID_FIELD: user_id})
  File "C:\Users\HomePC4r\AppData\Local\Programs\Python\Python313\Lib\site-packages\django\db\models\manager.py", line 87, in manager_method
    return getattr(self.get_queryset(), name)(*args, **kwargs)
           ~~~~~~~~~~~~~~~~~~~~~~~~~~~~~~~~~~^^^^^^^^^^^^^^^^^
  File "C:\Users\HomePC4r\AppData\Local\Programs\Python\Python313\Lib\site-packages\django\db\models\query.py", line 619, in get
    clone = self._chain() if self.query.combinator else self.filter(*args, **kwargs)
                                                        ~~~~~~~~~~~^^^^^^^^^^^^^^^^^
  File "C:\Users\HomePC4r\AppData\Local\Programs\Python\Python313\Lib\site-packages\django\db\models\query.py", line 1493, in filter
    return self._filter_or_exclude(False, args, kwargs)
           ~~~~~~~~~~~~~~~~~~~~~~~^^^^^^^^^^^^^^^^^^^^^
  File "C:\Users\HomePC4r\AppData\Local\Programs\Python\Python313\Lib\site-packages\django\db\models\query.py", line 1511, in _filter_or_exclude
    clone._filter_or_exclude_inplace(negate, args, kwargs)
    ~~~~~~~~~~~~~~~~~~~~~~~~~~~~~~~~^^^^^^^^^^^^^^^^^^^^^^
  File "C:\Users\HomePC4r\AppData\Local\Programs\Python\Python313\Lib\site-packages\django\db\models\query.py", line 1518, in _filter_or_exclude_inplace
    self._query.add_q(Q(*args, **kwargs))
    ~~~~~~~~~~~~~~~~~^^^^^^^^^^^^^^^^^^^^
  File "C:\Users\HomePC4r\AppData\Local\Programs\Python\Python313\Lib\site-packages\django\db\models\sql\query.py", line 1646, in add_q
    clause, _ = self._add_q(q_object, can_reuse)
                ~~~~~~~~~~~^^^^^^^^^^^^^^^^^^^^^
  File "C:\Users\HomePC4r\AppData\Local\Programs\Python\Python313\Lib\site-packages\django\db\models\sql\query.py", line 1678, in _add_q
    child_clause, needed_inner = self.build_filter(
                                 ~~~~~~~~~~~~~~~~~^
        child,
        ^^^^^^
    ...<7 lines>...
        update_join_types=update_join_types,
        ^^^^^^^^^^^^^^^^^^^^^^^^^^^^^^^^^^^^
    )
    ^
  File "C:\Users\HomePC4r\AppData\Local\Programs\Python\Python313\Lib\site-packages\django\db\models\sql\query.py", line 1588, in build_filter
    condition = self.build_lookup(lookups, col, value)
  File "C:\Users\HomePC4r\AppData\Local\Programs\Python\Python313\Lib\site-packages\django\db\models\sql\query.py", line 1415, in build_lookup
    lookup = lookup_class(lhs, rhs)
  File "C:\Users\HomePC4r\AppData\Local\Programs\Python\Python313\Lib\site-packages\django\db\models\lookups.py", line 38, in __init__
    self.rhs = self.get_prep_lookup()
               ~~~~~~~~~~~~~~~~~~~~^^
  File "C:\Users\HomePC4r\AppData\Local\Programs\Python\Python313\Lib\site-packages\django\db\models\lookups.py", line 410, in get_prep_lookup
    return super().get_prep_lookup()
           ~~~~~~~~~~~~~~~~~~~~~~~^^
  File "C:\Users\HomePC4r\AppData\Local\Programs\Python\Python313\Lib\site-packages\django\db\models\lookups.py", line 96, in get_prep_lookup
    return self.lhs.output_field.get_prep_value(self.rhs)
           ~~~~~~~~~~~~~~~~~~~~~~~~~~~~~~~~~~~~^^^^^^^^^^
  File "C:\Users\HomePC4r\AppData\Local\Programs\Python\Python313\Lib\site-packages\django\db\models\fields\__init__.py", line 2130, in get_prep_value
    raise e.__class__(
        "Field '%s' expected a number but got %r." % (self.name, value),
    ) from e
ValueError: Field 'id' expected a number but got '68ef54652708b399cf0251aa'.
"POST /api/v1/user/refresh/ HTTP/1.1" 500 184141
Internal Server Error: /api/v1/user/profile/
Traceback (most recent call last):
  File "C:\Users\HomePC4r\AppData\Local\Programs\Python\Python313\Lib\site-packages\django\db\models\fields\__init__.py", line 2128, in get_prep_value
    return int(value)
ValueError: invalid literal for int() with base 10: '68ef572cc24a01110aa50c7e'

The above exception was the direct cause of the following exception:

Traceback (most recent call last):
  File "C:\Users\HomePC4r\AppData\Local\Programs\Python\Python313\Lib\site-packages\django\core\handlers\exception.py", line 55, in inner
    response = get_response(request)
  File "C:\Users\HomePC4r\AppData\Local\Programs\Python\Python313\Lib\site-packages\django\core\handlers\base.py", line 197, in _get_response
    response = wrapped_callback(request, *callback_args, **callback_kwargs)
  File "C:\Users\HomePC4r\AppData\Local\Programs\Python\Python313\Lib\site-packages\django\views\decorators\csrf.py", line 65, in _view_wrapper
    return view_func(request, *args, **kwargs)
  File "C:\Users\HomePC4r\AppData\Local\Programs\Python\Python313\Lib\site-packages\django\views\generic\base.py", line 105, in view
    return self.dispatch(request, *args, **kwargs)
           ~~~~~~~~~~~~~^^^^^^^^^^^^^^^^^^^^^^^^^^
  File "C:\Users\HomePC4r\AppData\Local\Programs\Python\Python313\Lib\site-packages\rest_framework\views.py", line 515, in dispatch
    response = self.handle_exception(exc)
  File "C:\Users\HomePC4r\AppData\Local\Programs\Python\Python313\Lib\site-packages\rest_framework\views.py", line 475, in handle_exception
    self.raise_uncaught_exception(exc)
    ~~~~~~~~~~~~~~~~~~~~~~~~~~~~~^^^^^
  File "C:\Users\HomePC4r\AppData\Local\Programs\Python\Python313\Lib\site-packages\rest_framework\views.py", line 486, in raise_uncaught_exception
    raise exc
  File "C:\Users\HomePC4r\AppData\Local\Programs\Python\Python313\Lib\site-packages\rest_framework\views.py", line 503, in dispatch
    self.initial(request, *args, **kwargs)
    ~~~~~~~~~~~~^^^^^^^^^^^^^^^^^^^^^^^^^^
  File "C:\Users\HomePC4r\AppData\Local\Programs\Python\Python313\Lib\site-packages\rest_framework\views.py", line 420, in initial
    self.perform_authentication(request)
    ~~~~~~~~~~~~~~~~~~~~~~~~~~~^^^^^^^^^
  File "C:\Users\HomePC4r\AppData\Local\Programs\Python\Python313\Lib\site-packages\rest_framework\views.py", line 330, in perform_authentication
    request.user
  File "C:\Users\HomePC4r\AppData\Local\Programs\Python\Python313\Lib\site-packages\rest_framework\request.py", line 232, in user
    self._authenticate()
    ~~~~~~~~~~~~~~~~~~^^
  File "C:\Users\HomePC4r\AppData\Local\Programs\Python\Python313\Lib\site-packages\rest_framework\request.py", line 385, in _authenticate
    user_auth_tuple = authenticator.authenticate(self)
  File "C:\Users\HomePC4r\AppData\Local\Programs\Python\Python313\Lib\site-packages\rest_framework_simplejwt\authentication.py", line 51, in authenticate
    return self.get_user(validated_token), validated_token
           ~~~~~~~~~~~~~^^^^^^^^^^^^^^^^^
  File "C:\Users\HomePC4r\AppData\Local\Programs\Python\Python313\Lib\site-packages\rest_framework_simplejwt\authentication.py", line 132, in get_user
    user = self.user_model.objects.get(**{api_settings.USER_ID_FIELD: user_id})
  File "C:\Users\HomePC4r\AppData\Local\Programs\Python\Python313\Lib\site-packages\django\db\models\manager.py", line 87, in manager_method
    return getattr(self.get_queryset(), name)(*args, **kwargs)
           ~~~~~~~~~~~~~~~~~~~~~~~~~~~~~~~~~~^^^^^^^^^^^^^^^^^
  File "C:\Users\HomePC4r\AppData\Local\Programs\Python\Python313\Lib\site-packages\django\db\models\query.py", line 619, in get
    clone = self._chain() if self.query.combinator else self.filter(*args, **kwargs)
                                                        ~~~~~~~~~~~^^^^^^^^^^^^^^^^^
  File "C:\Users\HomePC4r\AppData\Local\Programs\Python\Python313\Lib\site-packages\django\db\models\query.py", line 1493, in filter
    return self._filter_or_exclude(False, args, kwargs)
           ~~~~~~~~~~~~~~~~~~~~~~~^^^^^^^^^^^^^^^^^^^^^
  File "C:\Users\HomePC4r\AppData\Local\Programs\Python\Python313\Lib\site-packages\django\db\models\query.py", line 1511, in _filter_or_exclude
    clone._filter_or_exclude_inplace(negate, args, kwargs)
    ~~~~~~~~~~~~~~~~~~~~~~~~~~~~~~~~^^^^^^^^^^^^^^^^^^^^^^
  File "C:\Users\HomePC4r\AppData\Local\Programs\Python\Python313\Lib\site-packages\django\db\models\query.py", line 1518, in _filter_or_exclude_inplace
    self._query.add_q(Q(*args, **kwargs))
    ~~~~~~~~~~~~~~~~~^^^^^^^^^^^^^^^^^^^^
  File "C:\Users\HomePC4r\AppData\Local\Programs\Python\Python313\Lib\site-packages\django\db\models\sql\query.py", line 1646, in add_q
    clause, _ = self._add_q(q_object, can_reuse)
                ~~~~~~~~~~~^^^^^^^^^^^^^^^^^^^^^
  File "C:\Users\HomePC4r\AppData\Local\Programs\Python\Python313\Lib\site-packages\django\db\models\sql\query.py", line 1678, in _add_q
    child_clause, needed_inner = self.build_filter(
                                 ~~~~~~~~~~~~~~~~~^
        child,
        ^^^^^^
    ...<7 lines>...
        update_join_types=update_join_types,
        ^^^^^^^^^^^^^^^^^^^^^^^^^^^^^^^^^^^^
    )
    ^
  File "C:\Users\HomePC4r\AppData\Local\Programs\Python\Python313\Lib\site-packages\django\db\models\sql\query.py", line 1588, in build_filter
    condition = self.build_lookup(lookups, col, value)
  File "C:\Users\HomePC4r\AppData\Local\Programs\Python\Python313\Lib\site-packages\django\db\models\sql\query.py", line 1415, in build_lookup
    lookup = lookup_class(lhs, rhs)
  File "C:\Users\HomePC4r\AppData\Local\Programs\Python\Python313\Lib\site-packages\django\db\models\lookups.py", line 38, in __init__
    self.rhs = self.get_prep_lookup()
               ~~~~~~~~~~~~~~~~~~~~^^
  File "C:\Users\HomePC4r\AppData\Local\Programs\Python\Python313\Lib\site-packages\django\db\models\lookups.py", line 410, in get_prep_lookup
    return super().get_prep_lookup()
           ~~~~~~~~~~~~~~~~~~~~~~~^^
  File "C:\Users\HomePC4r\AppData\Local\Programs\Python\Python313\Lib\site-packages\django\db\models\lookups.py", line 96, in get_prep_lookup
    return self.lhs.output_field.get_prep_value(self.rhs)
           ~~~~~~~~~~~~~~~~~~~~~~~~~~~~~~~~~~~~^^^^^^^^^^
  File "C:\Users\HomePC4r\AppData\Local\Programs\Python\Python313\Lib\site-packages\django\db\models\fields\__init__.py", line 2130, in get_prep_value
    raise e.__class__(
        "Field '%s' expected a number but got %r." % (self.name, value),
    ) from e
ValueError: Field 'id' expected a number but got '68ef572cc24a01110aa50c7e'.
"GET /api/v1/user/profile/ HTTP/1.1" 500 184119
Internal Server Error: /api/v1/user/refresh/
Traceback (most recent call last):
  File "C:\Users\HomePC4r\AppData\Local\Programs\Python\Python313\Lib\site-packages\django\db\models\fields\__init__.py", line 2128, in get_prep_value
    return int(value)
ValueError: invalid literal for int() with base 10: '68ef572cc24a01110aa50c7e'

The above exception was the direct cause of the following exception:

Traceback (most recent call last):
  File "C:\Users\HomePC4r\AppData\Local\Programs\Python\Python313\Lib\site-packages\django\core\handlers\exception.py", line 55, in inner
    response = get_response(request)
  File "C:\Users\HomePC4r\AppData\Local\Programs\Python\Python313\Lib\site-packages\django\core\handlers\base.py", line 197, in _get_response
    response = wrapped_callback(request, *callback_args, **callback_kwargs)
  File "C:\Users\HomePC4r\AppData\Local\Programs\Python\Python313\Lib\site-packages\django\views\decorators\csrf.py", line 65, in _view_wrapper
    return view_func(request, *args, **kwargs)
  File "C:\Users\HomePC4r\AppData\Local\Programs\Python\Python313\Lib\site-packages\django\views\generic\base.py", line 105, in view
    return self.dispatch(request, *args, **kwargs)
           ~~~~~~~~~~~~~^^^^^^^^^^^^^^^^^^^^^^^^^^
  File "C:\Users\HomePC4r\AppData\Local\Programs\Python\Python313\Lib\site-packages\rest_framework\views.py", line 515, in dispatch
    response = self.handle_exception(exc)
  File "C:\Users\HomePC4r\AppData\Local\Programs\Python\Python313\Lib\site-packages\rest_framework\views.py", line 475, in handle_exception
    self.raise_uncaught_exception(exc)
    ~~~~~~~~~~~~~~~~~~~~~~~~~~~~~^^^^^
  File "C:\Users\HomePC4r\AppData\Local\Programs\Python\Python313\Lib\site-packages\rest_framework\views.py", line 486, in raise_uncaught_exception
    raise exc
  File "C:\Users\HomePC4r\AppData\Local\Programs\Python\Python313\Lib\site-packages\rest_framework\views.py", line 503, in dispatch
    self.initial(request, *args, **kwargs)
    ~~~~~~~~~~~~^^^^^^^^^^^^^^^^^^^^^^^^^^
  File "C:\Users\HomePC4r\AppData\Local\Programs\Python\Python313\Lib\site-packages\rest_framework\views.py", line 420, in initial
    self.perform_authentication(request)
    ~~~~~~~~~~~~~~~~~~~~~~~~~~~^^^^^^^^^
  File "C:\Users\HomePC4r\AppData\Local\Programs\Python\Python313\Lib\site-packages\rest_framework\views.py", line 330, in perform_authentication
    request.user
  File "C:\Users\HomePC4r\AppData\Local\Programs\Python\Python313\Lib\site-packages\rest_framework\request.py", line 232, in user
    self._authenticate()
    ~~~~~~~~~~~~~~~~~~^^
  File "C:\Users\HomePC4r\AppData\Local\Programs\Python\Python313\Lib\site-packages\rest_framework\request.py", line 385, in _authenticate
    user_auth_tuple = authenticator.authenticate(self)
  File "C:\Users\HomePC4r\AppData\Local\Programs\Python\Python313\Lib\site-packages\rest_framework_simplejwt\authentication.py", line 51, in authenticate
    return self.get_user(validated_token), validated_token
           ~~~~~~~~~~~~~^^^^^^^^^^^^^^^^^
  File "C:\Users\HomePC4r\AppData\Local\Programs\Python\Python313\Lib\site-packages\rest_framework_simplejwt\authentication.py", line 132, in get_user
    user = self.user_model.objects.get(**{api_settings.USER_ID_FIELD: user_id})
  File "C:\Users\HomePC4r\AppData\Local\Programs\Python\Python313\Lib\site-packages\django\db\models\manager.py", line 87, in manager_method
    return getattr(self.get_queryset(), name)(*args, **kwargs)
           ~~~~~~~~~~~~~~~~~~~~~~~~~~~~~~~~~~^^^^^^^^^^^^^^^^^
  File "C:\Users\HomePC4r\AppData\Local\Programs\Python\Python313\Lib\site-packages\django\db\models\query.py", line 619, in get
    clone = self._chain() if self.query.combinator else self.filter(*args, **kwargs)
                                                        ~~~~~~~~~~~^^^^^^^^^^^^^^^^^
  File "C:\Users\HomePC4r\AppData\Local\Programs\Python\Python313\Lib\site-packages\django\db\models\query.py", line 1493, in filter
    return self._filter_or_exclude(False, args, kwargs)
           ~~~~~~~~~~~~~~~~~~~~~~~^^^^^^^^^^^^^^^^^^^^^
  File "C:\Users\HomePC4r\AppData\Local\Programs\Python\Python313\Lib\site-packages\django\db\models\query.py", line 1511, in _filter_or_exclude
    clone._filter_or_exclude_inplace(negate, args, kwargs)
    ~~~~~~~~~~~~~~~~~~~~~~~~~~~~~~~~^^^^^^^^^^^^^^^^^^^^^^
  File "C:\Users\HomePC4r\AppData\Local\Programs\Python\Python313\Lib\site-packages\django\db\models\query.py", line 1518, in _filter_or_exclude_inplace
    self._query.add_q(Q(*args, **kwargs))
    ~~~~~~~~~~~~~~~~~^^^^^^^^^^^^^^^^^^^^
  File "C:\Users\HomePC4r\AppData\Local\Programs\Python\Python313\Lib\site-packages\django\db\models\sql\query.py", line 1646, in add_q
    clause, _ = self._add_q(q_object, can_reuse)
                ~~~~~~~~~~~^^^^^^^^^^^^^^^^^^^^^
  File "C:\Users\HomePC4r\AppData\Local\Programs\Python\Python313\Lib\site-packages\django\db\models\sql\query.py", line 1678, in _add_q
    child_clause, needed_inner = self.build_filter(
                                 ~~~~~~~~~~~~~~~~~^
        child,
        ^^^^^^
    ...<7 lines>...
        update_join_types=update_join_types,
        ^^^^^^^^^^^^^^^^^^^^^^^^^^^^^^^^^^^^
    )
    ^
  File "C:\Users\HomePC4r\AppData\Local\Programs\Python\Python313\Lib\site-packages\django\db\models\sql\query.py", line 1588, in build_filter
    condition = self.build_lookup(lookups, col, value)
  File "C:\Users\HomePC4r\AppData\Local\Programs\Python\Python313\Lib\site-packages\django\db\models\sql\query.py", line 1415, in build_lookup
    lookup = lookup_class(lhs, rhs)
  File "C:\Users\HomePC4r\AppData\Local\Programs\Python\Python313\Lib\site-packages\django\db\models\lookups.py", line 38, in __init__
    self.rhs = self.get_prep_lookup()
               ~~~~~~~~~~~~~~~~~~~~^^
  File "C:\Users\HomePC4r\AppData\Local\Programs\Python\Python313\Lib\site-packages\django\db\models\lookups.py", line 410, in get_prep_lookup
    return super().get_prep_lookup()
           ~~~~~~~~~~~~~~~~~~~~~~~^^
  File "C:\Users\HomePC4r\AppData\Local\Programs\Python\Python313\Lib\site-packages\django\db\models\lookups.py", line 96, in get_prep_lookup
    return self.lhs.output_field.get_prep_value(self.rhs)
           ~~~~~~~~~~~~~~~~~~~~~~~~~~~~~~~~~~~~^^^^^^^^^^
  File "C:\Users\HomePC4r\AppData\Local\Programs\Python\Python313\Lib\site-packages\django\db\models\fields\__init__.py", line 2130, in get_prep_value
    raise e.__class__(
        "Field '%s' expected a number but got %r." % (self.name, value),
    ) from e
ValueError: Field 'id' expected a number but got '68ef572cc24a01110aa50c7e'.
"POST /api/v1/user/refresh/ HTTP/1.1" 500 184141
Internal Server Error: /api/v1/user/profile/
Traceback (most recent call last):
  File "C:\Users\HomePC4r\AppData\Local\Programs\Python\Python313\Lib\site-packages\django\db\models\fields\__init__.py", line 2128, in get_prep_value
    return int(value)
ValueError: invalid literal for int() with base 10: '68ef596eda437b9166002438'

The above exception was the direct cause of the following exception:

Traceback (most recent call last):
  File "C:\Users\HomePC4r\AppData\Local\Programs\Python\Python313\Lib\site-packages\django\core\handlers\exception.py", line 55, in inner
    response = get_response(request)
  File "C:\Users\HomePC4r\AppData\Local\Programs\Python\Python313\Lib\site-packages\django\core\handlers\base.py", line 197, in _get_response
    response = wrapped_callback(request, *callback_args, **callback_kwargs)
  File "C:\Users\HomePC4r\AppData\Local\Programs\Python\Python313\Lib\site-packages\django\views\decorators\csrf.py", line 65, in _view_wrapper
    return view_func(request, *args, **kwargs)
  File "C:\Users\HomePC4r\AppData\Local\Programs\Python\Python313\Lib\site-packages\django\views\generic\base.py", line 105, in view
    return self.dispatch(request, *args, **kwargs)
           ~~~~~~~~~~~~~^^^^^^^^^^^^^^^^^^^^^^^^^^
  File "C:\Users\HomePC4r\AppData\Local\Programs\Python\Python313\Lib\site-packages\rest_framework\views.py", line 515, in dispatch
    response = self.handle_exception(exc)
  File "C:\Users\HomePC4r\AppData\Local\Programs\Python\Python313\Lib\site-packages\rest_framework\views.py", line 475, in handle_exception
    self.raise_uncaught_exception(exc)
    ~~~~~~~~~~~~~~~~~~~~~~~~~~~~~^^^^^
  File "C:\Users\HomePC4r\AppData\Local\Programs\Python\Python313\Lib\site-packages\rest_framework\views.py", line 486, in raise_uncaught_exception
    raise exc
  File "C:\Users\HomePC4r\AppData\Local\Programs\Python\Python313\Lib\site-packages\rest_framework\views.py", line 503, in dispatch
    self.initial(request, *args, **kwargs)
    ~~~~~~~~~~~~^^^^^^^^^^^^^^^^^^^^^^^^^^
  File "C:\Users\HomePC4r\AppData\Local\Programs\Python\Python313\Lib\site-packages\rest_framework\views.py", line 420, in initial
    self.perform_authentication(request)
    ~~~~~~~~~~~~~~~~~~~~~~~~~~~^^^^^^^^^
  File "C:\Users\HomePC4r\AppData\Local\Programs\Python\Python313\Lib\site-packages\rest_framework\views.py", line 330, in perform_authentication
    request.user
  File "C:\Users\HomePC4r\AppData\Local\Programs\Python\Python313\Lib\site-packages\rest_framework\request.py", line 232, in user
    self._authenticate()
    ~~~~~~~~~~~~~~~~~~^^
  File "C:\Users\HomePC4r\AppData\Local\Programs\Python\Python313\Lib\site-packages\rest_framework\request.py", line 385, in _authenticate
    user_auth_tuple = authenticator.authenticate(self)
  File "C:\Users\HomePC4r\AppData\Local\Programs\Python\Python313\Lib\site-packages\rest_framework_simplejwt\authentication.py", line 51, in authenticate
    return self.get_user(validated_token), validated_token
           ~~~~~~~~~~~~~^^^^^^^^^^^^^^^^^
  File "C:\Users\HomePC4r\AppData\Local\Programs\Python\Python313\Lib\site-packages\rest_framework_simplejwt\authentication.py", line 132, in get_user
    user = self.user_model.objects.get(**{api_settings.USER_ID_FIELD: user_id})
  File "C:\Users\HomePC4r\AppData\Local\Programs\Python\Python313\Lib\site-packages\django\db\models\manager.py", line 87, in manager_method
    return getattr(self.get_queryset(), name)(*args, **kwargs)
           ~~~~~~~~~~~~~~~~~~~~~~~~~~~~~~~~~~^^^^^^^^^^^^^^^^^
  File "C:\Users\HomePC4r\AppData\Local\Programs\Python\Python313\Lib\site-packages\django\db\models\query.py", line 619, in get
    clone = self._chain() if self.query.combinator else self.filter(*args, **kwargs)
                                                        ~~~~~~~~~~~^^^^^^^^^^^^^^^^^
  File "C:\Users\HomePC4r\AppData\Local\Programs\Python\Python313\Lib\site-packages\django\db\models\query.py", line 1493, in filter
    return self._filter_or_exclude(False, args, kwargs)
           ~~~~~~~~~~~~~~~~~~~~~~~^^^^^^^^^^^^^^^^^^^^^
  File "C:\Users\HomePC4r\AppData\Local\Programs\Python\Python313\Lib\site-packages\django\db\models\query.py", line 1511, in _filter_or_exclude
    clone._filter_or_exclude_inplace(negate, args, kwargs)
    ~~~~~~~~~~~~~~~~~~~~~~~~~~~~~~~~^^^^^^^^^^^^^^^^^^^^^^
  File "C:\Users\HomePC4r\AppData\Local\Programs\Python\Python313\Lib\site-packages\django\db\models\query.py", line 1518, in _filter_or_exclude_inplace
    self._query.add_q(Q(*args, **kwargs))
    ~~~~~~~~~~~~~~~~~^^^^^^^^^^^^^^^^^^^^
  File "C:\Users\HomePC4r\AppData\Local\Programs\Python\Python313\Lib\site-packages\django\db\models\sql\query.py", line 1646, in add_q
    clause, _ = self._add_q(q_object, can_reuse)
                ~~~~~~~~~~~^^^^^^^^^^^^^^^^^^^^^
  File "C:\Users\HomePC4r\AppData\Local\Programs\Python\Python313\Lib\site-packages\django\db\models\sql\query.py", line 1678, in _add_q
    child_clause, needed_inner = self.build_filter(
                                 ~~~~~~~~~~~~~~~~~^
        child,
        ^^^^^^
    ...<7 lines>...
        update_join_types=update_join_types,
        ^^^^^^^^^^^^^^^^^^^^^^^^^^^^^^^^^^^^
    )
    ^
  File "C:\Users\HomePC4r\AppData\Local\Programs\Python\Python313\Lib\site-packages\django\db\models\sql\query.py", line 1588, in build_filter
    condition = self.build_lookup(lookups, col, value)
  File "C:\Users\HomePC4r\AppData\Local\Programs\Python\Python313\Lib\site-packages\django\db\models\sql\query.py", line 1415, in build_lookup
    lookup = lookup_class(lhs, rhs)
  File "C:\Users\HomePC4r\AppData\Local\Programs\Python\Python313\Lib\site-packages\django\db\models\lookups.py", line 38, in __init__
    self.rhs = self.get_prep_lookup()
               ~~~~~~~~~~~~~~~~~~~~^^
  File "C:\Users\HomePC4r\AppData\Local\Programs\Python\Python313\Lib\site-packages\django\db\models\lookups.py", line 410, in get_prep_lookup
    return super().get_prep_lookup()
           ~~~~~~~~~~~~~~~~~~~~~~~^^
  File "C:\Users\HomePC4r\AppData\Local\Programs\Python\Python313\Lib\site-packages\django\db\models\lookups.py", line 96, in get_prep_lookup
    return self.lhs.output_field.get_prep_value(self.rhs)
           ~~~~~~~~~~~~~~~~~~~~~~~~~~~~~~~~~~~~^^^^^^^^^^
  File "C:\Users\HomePC4r\AppData\Local\Programs\Python\Python313\Lib\site-packages\django\db\models\fields\__init__.py", line 2130, in get_prep_value
    raise e.__class__(
        "Field '%s' expected a number but got %r." % (self.name, value),
    ) from e
ValueError: Field 'id' expected a number but got '68ef596eda437b9166002438'.
"GET /api/v1/user/profile/ HTTP/1.1" 500 184119
Internal Server Error: /api/v1/user/refresh/
Traceback (most recent call last):
  File "C:\Users\HomePC4r\AppData\Local\Programs\Python\Python313\Lib\site-packages\django\db\models\fields\__init__.py", line 2128, in get_prep_value
    return int(value)
ValueError: invalid literal for int() with base 10: '68ef596eda437b9166002438'

The above exception was the direct cause of the following exception:

Traceback (most recent call last):
  File "C:\Users\HomePC4r\AppData\Local\Programs\Python\Python313\Lib\site-packages\django\core\handlers\exception.py", line 55, in inner
    response = get_response(request)
  File "C:\Users\HomePC4r\AppData\Local\Programs\Python\Python313\Lib\site-packages\django\core\handlers\base.py", line 197, in _get_response
    response = wrapped_callback(request, *callback_args, **callback_kwargs)
  File "C:\Users\HomePC4r\AppData\Local\Programs\Python\Python313\Lib\site-packages\django\views\decorators\csrf.py", line 65, in _view_wrapper
    return view_func(request, *args, **kwargs)
  File "C:\Users\HomePC4r\AppData\Local\Programs\Python\Python313\Lib\site-packages\django\views\generic\base.py", line 105, in view
    return self.dispatch(request, *args, **kwargs)
           ~~~~~~~~~~~~~^^^^^^^^^^^^^^^^^^^^^^^^^^
  File "C:\Users\HomePC4r\AppData\Local\Programs\Python\Python313\Lib\site-packages\rest_framework\views.py", line 515, in dispatch
    response = self.handle_exception(exc)
  File "C:\Users\HomePC4r\AppData\Local\Programs\Python\Python313\Lib\site-packages\rest_framework\views.py", line 475, in handle_exception
    self.raise_uncaught_exception(exc)
    ~~~~~~~~~~~~~~~~~~~~~~~~~~~~~^^^^^
  File "C:\Users\HomePC4r\AppData\Local\Programs\Python\Python313\Lib\site-packages\rest_framework\views.py", line 486, in raise_uncaught_exception
    raise exc
  File "C:\Users\HomePC4r\AppData\Local\Programs\Python\Python313\Lib\site-packages\rest_framework\views.py", line 503, in dispatch
    self.initial(request, *args, **kwargs)
    ~~~~~~~~~~~~^^^^^^^^^^^^^^^^^^^^^^^^^^
  File "C:\Users\HomePC4r\AppData\Local\Programs\Python\Python313\Lib\site-packages\rest_framework\views.py", line 420, in initial
    self.perform_authentication(request)
    ~~~~~~~~~~~~~~~~~~~~~~~~~~~^^^^^^^^^
  File "C:\Users\HomePC4r\AppData\Local\Programs\Python\Python313\Lib\site-packages\rest_framework\views.py", line 330, in perform_authentication
    request.user
  File "C:\Users\HomePC4r\AppData\Local\Programs\Python\Python313\Lib\site-packages\rest_framework\request.py", line 232, in user
    self._authenticate()
    ~~~~~~~~~~~~~~~~~~^^
  File "C:\Users\HomePC4r\AppData\Local\Programs\Python\Python313\Lib\site-packages\rest_framework\request.py", line 385, in _authenticate
    user_auth_tuple = authenticator.authenticate(self)
  File "C:\Users\HomePC4r\AppData\Local\Programs\Python\Python313\Lib\site-packages\rest_framework_simplejwt\authentication.py", line 51, in authenticate
    return self.get_user(validated_token), validated_token
           ~~~~~~~~~~~~~^^^^^^^^^^^^^^^^^
  File "C:\Users\HomePC4r\AppData\Local\Programs\Python\Python313\Lib\site-packages\rest_framework_simplejwt\authentication.py", line 132, in get_user
    user = self.user_model.objects.get(**{api_settings.USER_ID_FIELD: user_id})
  File "C:\Users\HomePC4r\AppData\Local\Programs\Python\Python313\Lib\site-packages\django\db\models\manager.py", line 87, in manager_method
    return getattr(self.get_queryset(), name)(*args, **kwargs)
           ~~~~~~~~~~~~~~~~~~~~~~~~~~~~~~~~~~^^^^^^^^^^^^^^^^^
  File "C:\Users\HomePC4r\AppData\Local\Programs\Python\Python313\Lib\site-packages\django\db\models\query.py", line 619, in get
    clone = self._chain() if self.query.combinator else self.filter(*args, **kwargs)
                                                        ~~~~~~~~~~~^^^^^^^^^^^^^^^^^
  File "C:\Users\HomePC4r\AppData\Local\Programs\Python\Python313\Lib\site-packages\django\db\models\query.py", line 1493, in filter
    return self._filter_or_exclude(False, args, kwargs)
           ~~~~~~~~~~~~~~~~~~~~~~~^^^^^^^^^^^^^^^^^^^^^
  File "C:\Users\HomePC4r\AppData\Local\Programs\Python\Python313\Lib\site-packages\django\db\models\query.py", line 1511, in _filter_or_exclude
    clone._filter_or_exclude_inplace(negate, args, kwargs)
    ~~~~~~~~~~~~~~~~~~~~~~~~~~~~~~~~^^^^^^^^^^^^^^^^^^^^^^
  File "C:\Users\HomePC4r\AppData\Local\Programs\Python\Python313\Lib\site-packages\django\db\models\query.py", line 1518, in _filter_or_exclude_inplace
    self._query.add_q(Q(*args, **kwargs))
    ~~~~~~~~~~~~~~~~~^^^^^^^^^^^^^^^^^^^^
  File "C:\Users\HomePC4r\AppData\Local\Programs\Python\Python313\Lib\site-packages\django\db\models\sql\query.py", line 1646, in add_q
    clause, _ = self._add_q(q_object, can_reuse)
                ~~~~~~~~~~~^^^^^^^^^^^^^^^^^^^^^
  File "C:\Users\HomePC4r\AppData\Local\Programs\Python\Python313\Lib\site-packages\django\db\models\sql\query.py", line 1678, in _add_q
    child_clause, needed_inner = self.build_filter(
                                 ~~~~~~~~~~~~~~~~~^
        child,
        ^^^^^^
    ...<7 lines>...
        update_join_types=update_join_types,
        ^^^^^^^^^^^^^^^^^^^^^^^^^^^^^^^^^^^^
    )
    ^
  File "C:\Users\HomePC4r\AppData\Local\Programs\Python\Python313\Lib\site-packages\django\db\models\sql\query.py", line 1588, in build_filter
    condition = self.build_lookup(lookups, col, value)
  File "C:\Users\HomePC4r\AppData\Local\Programs\Python\Python313\Lib\site-packages\django\db\models\sql\query.py", line 1415, in build_lookup
    lookup = lookup_class(lhs, rhs)
  File "C:\Users\HomePC4r\AppData\Local\Programs\Python\Python313\Lib\site-packages\django\db\models\lookups.py", line 38, in __init__
    self.rhs = self.get_prep_lookup()
               ~~~~~~~~~~~~~~~~~~~~^^
  File "C:\Users\HomePC4r\AppData\Local\Programs\Python\Python313\Lib\site-packages\django\db\models\lookups.py", line 410, in get_prep_lookup
    return super().get_prep_lookup()
           ~~~~~~~~~~~~~~~~~~~~~~~^^
  File "C:\Users\HomePC4r\AppData\Local\Programs\Python\Python313\Lib\site-packages\django\db\models\lookups.py", line 96, in get_prep_lookup
    return self.lhs.output_field.get_prep_value(self.rhs)
           ~~~~~~~~~~~~~~~~~~~~~~~~~~~~~~~~~~~~^^^^^^^^^^
  File "C:\Users\HomePC4r\AppData\Local\Programs\Python\Python313\Lib\site-packages\django\db\models\fields\__init__.py", line 2130, in get_prep_value
    raise e.__class__(
        "Field '%s' expected a number but got %r." % (self.name, value),
    ) from e
ValueError: Field 'id' expected a number but got '68ef596eda437b9166002438'.
"POST /api/v1/user/refresh/ HTTP/1.1" 500 184141
Internal Server Error: /api/v1/orders/start/
"POST /api/v1/orders/start/ HTTP/1.1" 500 35
Internal Server Error: /api/v1/orders/start/
"POST /api/v1/orders/start/ HTTP/1.1" 500 35
Internal Server Error: /api/v1/orders/start/
"POST /api/v1/orders/start/ HTTP/1.1" 500 35
Internal Server Error: /api/v1/notifications/
"GET /api/v1/notifications/ HTTP/1.1" 500 89
Internal Server Error: /api/v1/notifications/
"GET /api/v1/notifications/ HTTP/1.1" 500 89
Internal Server Error: /api/v1/notifications/
"GET /api/v1/notifications/ HTTP/1.1" 500 89
Internal Server Error: /api/v1/notifications/
"GET /api/v1/notifications/ HTTP/1.1" 500 89
Internal Server Error: /api/v1/notifications/
"GET /api/v1/notifications/ HTTP/1.1" 500 89
Internal Server Error: /api/v1/notifications/
"GET /api/v1/notifications/ HTTP/1.1" 500 89
Internal Server Error: /api/v1/notifications/
"GET /api/v1/notifications/ HTTP/1.1" 500 89
Internal Server Error: /api/v1/notifications/
"GET /api/v1/notifications/ HTTP/1.1" 500 89
Internal Server Error: /api/v1/notifications/
"GET /api/v1/notifications/ HTTP/1.1" 500 89
Internal Server Error: /api/v1/user/delete-account/
Traceback (most recent call last):
  File "C:\Users\HomePC4r\AppData\Local\Programs\Python\Python313\Lib\site-packages\django\core\handlers\exception.py", line 55, in inner
    response = get_response(request)
  File "C:\Users\HomePC4r\AppData\Local\Programs\Python\Python313\Lib\site-packages\django\core\handlers\base.py", line 197, in _get_response
    response = wrapped_callback(request, *callback_args, **callback_kwargs)
  File "C:\Users\HomePC4r\AppData\Local\Programs\Python\Python313\Lib\site-packages\django\views\decorators\csrf.py", line 65, in _view_wrapper
    return view_func(request, *args, **kwargs)
  File "C:\Users\HomePC4r\AppData\Local\Programs\Python\Python313\Lib\site-packages\django\views\generic\base.py", line 105, in view
    return self.dispatch(request, *args, **kwargs)
           ~~~~~~~~~~~~~^^^^^^^^^^^^^^^^^^^^^^^^^^
  File "C:\Users\HomePC4r\AppData\Local\Programs\Python\Python313\Lib\site-packages\rest_framework\views.py", line 515, in dispatch
    response = self.handle_exception(exc)
  File "C:\Users\HomePC4r\AppData\Local\Programs\Python\Python313\Lib\site-packages\rest_framework\views.py", line 475, in handle_exception
    self.raise_uncaught_exception(exc)
    ~~~~~~~~~~~~~~~~~~~~~~~~~~~~~^^^^^
  File "C:\Users\HomePC4r\AppData\Local\Programs\Python\Python313\Lib\site-packages\rest_framework\views.py", line 486, in raise_uncaught_exception
    raise exc
  File "C:\Users\HomePC4r\AppData\Local\Programs\Python\Python313\Lib\site-packages\rest_framework\views.py", line 512, in dispatch
    response = handler(request, *args, **kwargs)
  File "C:\Users\HomePC4r\AppData\Local\Programs\Python\Python313\Lib\site-packages\rest_framework\decorators.py", line 50, in handler
    return func(*args, **kwargs)
  File "D:\backend_luminan\myapp\views.py", line 917, in delete_account
    if not user.check_password(password):
           ^^^^^^^^^^^^^^^^^^^
AttributeError: 'SimpleUser' object has no attribute 'check_password'
"DELETE /api/v1/user/delete-account/ HTTP/1.1" 500 99574
Internal Server Error: /api/v1/user/profile/
"GET /api/v1/user/profile/ HTTP/1.1" 500 47
Internal Server Error: /api/v1/user/profile/
Internal Server Error: /api/v1/user/profile/
"GET /api/v1/user/profile/ HTTP/1.1" 500 47
Internal Server Error: /api/v1/user/profile/
Internal Server Error: /api/v1/orders/start/
Traceback (most recent call last):
  File "C:\Users\HomePC4r\AppData\Local\Programs\Python\Python313\Lib\site-packages\django\core\handlers\exception.py", line 55, in inner
    response = get_response(request)
  File "C:\Users\HomePC4r\AppData\Local\Programs\Python\Python313\Lib\site-packages\django\core\handlers\base.py", line 197, in _get_response
    response = wrapped_callback(request, *callback_args, **callback_kwargs)
  File "C:\Users\HomePC4r\AppData\Local\Programs\Python\Python313\Lib\site-packages\django\views\decorators\csrf.py", line 65, in _view_wrapper
    return view_func(request, *args, **kwargs)
  File "C:\Users\HomePC4r\AppData\Local\Programs\Python\Python313\Lib\site-packages\django\views\generic\base.py", line 105, in view
    return self.dispatch(request, *args, **kwargs)
           ~~~~~~~~~~~~~^^^^^^^^^^^^^^^^^^^^^^^^^^
  File "C:\Users\HomePC4r\AppData\Local\Programs\Python\Python313\Lib\site-packages\rest_framework\views.py", line 515, in dispatch
    response = self.handle_exception(exc)
  File "C:\Users\HomePC4r\AppData\Local\Programs\Python\Python313\Lib\site-packages\rest_framework\views.py", line 475, in handle_exception
    self.raise_uncaught_exception(exc)
    ~~~~~~~~~~~~~~~~~~~~~~~~~~~~~^^^^^
  File "C:\Users\HomePC4r\AppData\Local\Programs\Python\Python313\Lib\site-packages\rest_framework\views.py", line 486, in raise_uncaught_exception
    raise exc
  File "C:\Users\HomePC4r\AppData\Local\Programs\Python\Python313\Lib\site-packages\rest_framework\views.py", line 512, in dispatch
    response = handler(request, *args, **kwargs)
  File "C:\Users\HomePC4r\AppData\Local\Programs\Python\Python313\Lib\site-packages\rest_framework\decorators.py", line 50, in handler
    return func(*args, **kwargs)
  File "D:\backend_luminan\myapp\views.py", line 1349, in start_gas_order
    product_weight = float(product.get("weight", 1))
ValueError: could not convert string to float: '5kg'
"POST /api/v1/orders/start/ HTTP/1.1" 500 101635
Internal Server Error: /api/v1/orders/start/
"POST /api/v1/orders/start/ HTTP/1.1" 500 88
Internal Server Error: /api/v1/orders/start/
"POST /api/v1/orders/start/ HTTP/1.1" 500 88
Internal Server Error: /api/v1/orders/start/
"POST /api/v1/orders/start/ HTTP/1.1" 500 91
Internal Server Error: /api/v1/orders/start/
"POST /api/v1/orders/start/ HTTP/1.1" 500 91
Internal Server Error: /api/v1/user/refresh/
"POST /api/v1/user/refresh/ HTTP/1.1" 500 39
Internal Server Error: /api/v1/user/refresh/
"POST /api/v1/user/refresh/ HTTP/1.1" 500 39
Internal Server Error: /api/v1/user/refresh/
"POST /api/v1/user/refresh/ HTTP/1.1" 500 39
Internal Server Error: /api/v1/user/refresh/
"POST /api/v1/user/refresh/ HTTP/1.1" 500 39
Internal Server Error: /api/v1/user/refresh/
"POST /api/v1/user/refresh/ HTTP/1.1" 500 39
Internal Server Error: /api/v1/user/refresh/
"POST /api/v1/user/refresh/ HTTP/1.1" 500 39
Internal Server Error: /api/v1/user/refresh/
"POST /api/v1/user/refresh/ HTTP/1.1" 500 39
Internal Server Error: /api/v1/user/refresh/
"POST /api/v1/user/refresh/ HTTP/1.1" 500 39
Internal Server Error: /api/v1/user/refresh/
"POST /api/v1/user/refresh/ HTTP/1.1" 500 39
Internal Server Error: /api/v1/user/refresh/
"POST /api/v1/user/refresh/ HTTP/1.1" 500 39
Internal Server Error: /api/v1/user/refresh/
"POST /api/v1/user/refresh/ HTTP/1.1" 500 39
Internal Server Error: /api/v1/user/refresh/
"POST /api/v1/user/refresh/ HTTP/1.1" 500 39
Internal Server Error: /api/v1/user/refresh/
"POST /api/v1/user/refresh/ HTTP/1.1" 500 39
Internal Server Error: /api/v1/user/refresh/
"POST /api/v1/user/refresh/ HTTP/1.1" 500 39
Internal Server Error: /api/v1/user/refresh/
"POST /api/v1/user/refresh/ HTTP/1.1" 500 39
Internal Server Error: /api/v1/driver/register/
"POST /api/v1/driver/register/ HTTP/1.1" 500 72
Internal Server Error: /api/v1/driver/register/
"POST /api/v1/driver/register/ HTTP/1.1" 500 72
Internal Server Error: /api/v1/user/refresh/
"POST /api/v1/user/refresh/ HTTP/1.1" 500 39
Internal Server Error: /api/v1/user/refresh/
"POST /api/v1/user/refresh/ HTTP/1.1" 500 39
Internal Server Error: /api/v1/user/refresh/
"POST /api/v1/user/refresh/ HTTP/1.1" 500 39
Internal Server Error: /api/v1/user/refresh/
Internal Server Error: /api/v1/user/refresh/
"POST /api/v1/user/refresh/ HTTP/1.1" 500 39
Internal Server Error: /api/v1/user/refresh/
Internal Server Error: /api/v1/user/refresh/
"POST /api/v1/user/refresh/ HTTP/1.1" 500 39
Internal Server Error: /api/v1/user/refresh/
Internal Server Error: /api/v1/user/refresh/
"POST /api/v1/user/refresh/ HTTP/1.1" 500 39
Internal Server Error: /api/v1/user/refresh/
Internal Server Error: /api/v1/user/refresh/
"POST /api/v1/user/refresh/ HTTP/1.1" 500 39
Internal Server Error: /api/v1/user/refresh/
"POST /api/v1/user/refresh/ HTTP/1.1" 500 39
Internal Server Error: /api/v1/user/refresh/
"POST /api/v1/user/refresh/ HTTP/1.1" 500 39
Internal Server Error: /api/v1/user/refresh/
"POST /api/v1/user/refresh/ HTTP/1.1" 500 39
Internal Server Error: /api/v1/user/refresh/
"POST /api/v1/user/refresh/ HTTP/1.1" 500 39
Internal Server Error: /api/v1/driver/verify-otp/
"POST /api/v1/driver/verify-otp/ HTTP/1.1" 500 68
Service Unavailable: /api/v1/driver/register/
"POST /api/v1/driver/register/ HTTP/1.1" 503 62
Service Unavailable: /api/v1/driver/register/
"POST /api/v1/driver/register/ HTTP/1.1" 503 45
Internal Server Error: /api/v1/orders/start/
Traceback (most recent call last):
  File "C:\Users\HomePC4r\AppData\Local\Programs\Python\Python313\Lib\site-packages\django\core\handlers\exception.py", line 55, in inner
    response = get_response(request)
  File "C:\Users\HomePC4r\AppData\Local\Programs\Python\Python313\Lib\site-packages\django\core\handlers\base.py", line 197, in _get_response
    response = wrapped_callback(request, *callback_args, **callback_kwargs)
  File "C:\Users\HomePC4r\AppData\Local\Programs\Python\Python313\Lib\site-packages\django\views\decorators\csrf.py", line 65, in _view_wrapper
    return view_func(request, *args, **kwargs)
  File "C:\Users\HomePC4r\AppData\Local\Programs\Python\Python313\Lib\site-packages\django\views\generic\base.py", line 105, in view
    return self.dispatch(request, *args, **kwargs)
           ~~~~~~~~~~~~~^^^^^^^^^^^^^^^^^^^^^^^^^^
  File "C:\Users\HomePC4r\AppData\Local\Programs\Python\Python313\Lib\site-packages\rest_framework\views.py", line 515, in dispatch
    response = self.handle_exception(exc)
  File "C:\Users\HomePC4r\AppData\Local\Programs\Python\Python313\Lib\site-packages\rest_framework\views.py", line 475, in handle_exception
    self.raise_uncaught_exception(exc)
    ~~~~~~~~~~~~~~~~~~~~~~~~~~~~~^^^^^
  File "C:\Users\HomePC4r\AppData\Local\Programs\Python\Python313\Lib\site-packages\rest_framework\views.py", line 486, in raise_uncaught_exception
    raise exc
  File "C:\Users\HomePC4r\AppData\Local\Programs\Python\Python313\Lib\site-packages\rest_framework\views.py", line 512, in dispatch
    response = handler(request, *args, **kwargs)
  File "C:\Users\HomePC4r\AppData\Local\Programs\Python\Python313\Lib\site-packages\rest_framework\decorators.py", line 50, in handler
    return func(*args, **kwargs)
  File "D:\backend_luminan\myapp\views.py", line 1367, in start_gas_order
    weight = float(product.get("weight", 1))
ValueError: could not convert string to float: '5kg'
"POST /api/v1/orders/start/ HTTP/1.1" 500 101120
Internal Server Error: /api/v1/user/profile/
"GET /api/v1/user/profile/ HTTP/1.1" 500 47
Internal Server Error: /api/v1/user/profile/
"GET /api/v1/user/profile/ HTTP/1.1" 500 47
Internal Server Error: /api/v1/user/profile/
"GET /api/v1/user/profile/ HTTP/1.1" 500 47
Internal Server Error: /api/v1/user/profile/
"GET /api/v1/user/profile/ HTTP/1.1" 500 47
Internal Server Error: /api/v1/user/refresh/
"POST /api/v1/user/refresh/ HTTP/1.1" 500 39
Internal Server Error: /api/v1/user/refresh/
"POST /api/v1/user/refresh/ HTTP/1.1" 500 39
Internal Server Error: /api/v1/user/refresh/
"POST /api/v1/user/refresh/ HTTP/1.1" 500 39
Internal Server Error: /api/v1/orders/start/
Traceback (most recent call last):
  File "C:\Users\HomePC4r\AppData\Local\Programs\Python\Python313\Lib\site-packages\django\core\handlers\exception.py", line 55, in inner
    response = get_response(request)
  File "C:\Users\HomePC4r\AppData\Local\Programs\Python\Python313\Lib\site-packages\django\core\handlers\base.py", line 197, in _get_response
    response = wrapped_callback(request, *callback_args, **callback_kwargs)
  File "C:\Users\HomePC4r\AppData\Local\Programs\Python\Python313\Lib\site-packages\django\views\decorators\csrf.py", line 65, in _view_wrapper
    return view_func(request, *args, **kwargs)
  File "C:\Users\HomePC4r\AppData\Local\Programs\Python\Python313\Lib\site-packages\django\views\generic\base.py", line 105, in view
    return self.dispatch(request, *args, **kwargs)
           ~~~~~~~~~~~~~^^^^^^^^^^^^^^^^^^^^^^^^^^
  File "C:\Users\HomePC4r\AppData\Local\Programs\Python\Python313\Lib\site-packages\rest_framework\views.py", line 515, in dispatch
    response = self.handle_exception(exc)
  File "C:\Users\HomePC4r\AppData\Local\Programs\Python\Python313\Lib\site-packages\rest_framework\views.py", line 475, in handle_exception
    self.raise_uncaught_exception(exc)
    ~~~~~~~~~~~~~~~~~~~~~~~~~~~~~^^^^^
  File "C:\Users\HomePC4r\AppData\Local\Programs\Python\Python313\Lib\site-packages\rest_framework\views.py", line 486, in raise_uncaught_exception
    raise exc
  File "C:\Users\HomePC4r\AppData\Local\Programs\Python\Python313\Lib\site-packages\rest_framework\views.py", line 512, in dispatch
    response = handler(request, *args, **kwargs)
  File "C:\Users\HomePC4r\AppData\Local\Programs\Python\Python313\Lib\site-packages\rest_framework\decorators.py", line 50, in handler
    return func(*args, **kwargs)
  File "D:\backend_luminan\myapp\views.py", line 1367, in start_gas_order
    weight = float(product.get("weight", 1))
ValueError: could not convert string to float: '5kg'
"POST /api/v1/orders/start/ HTTP/1.1" 500 101102
Internal Server Error: /api/v1/orders/start/
Traceback (most recent call last):
  File "C:\Users\HomePC4r\AppData\Local\Programs\Python\Python313\Lib\site-packages\django\core\handlers\exception.py", line 55, in inner
    response = get_response(request)
  File "C:\Users\HomePC4r\AppData\Local\Programs\Python\Python313\Lib\site-packages\django\core\handlers\base.py", line 197, in _get_response
    response = wrapped_callback(request, *callback_args, **callback_kwargs)
  File "C:\Users\HomePC4r\AppData\Local\Programs\Python\Python313\Lib\site-packages\django\views\decorators\csrf.py", line 65, in _view_wrapper
    return view_func(request, *args, **kwargs)
  File "C:\Users\HomePC4r\AppData\Local\Programs\Python\Python313\Lib\site-packages\django\views\generic\base.py", line 105, in view
    return self.dispatch(request, *args, **kwargs)
           ~~~~~~~~~~~~~^^^^^^^^^^^^^^^^^^^^^^^^^^
  File "C:\Users\HomePC4r\AppData\Local\Programs\Python\Python313\Lib\site-packages\rest_framework\views.py", line 515, in dispatch
    response = self.handle_exception(exc)
  File "C:\Users\HomePC4r\AppData\Local\Programs\Python\Python313\Lib\site-packages\rest_framework\views.py", line 475, in handle_exception
    self.raise_uncaught_exception(exc)
    ~~~~~~~~~~~~~~~~~~~~~~~~~~~~~^^^^^
  File "C:\Users\HomePC4r\AppData\Local\Programs\Python\Python313\Lib\site-packages\rest_framework\views.py", line 486, in raise_uncaught_exception
    raise exc
  File "C:\Users\HomePC4r\AppData\Local\Programs\Python\Python313\Lib\site-packages\rest_framework\views.py", line 512, in dispatch
    response = handler(request, *args, **kwargs)
  File "C:\Users\HomePC4r\AppData\Local\Programs\Python\Python313\Lib\site-packages\rest_framework\decorators.py", line 50, in handler
    return func(*args, **kwargs)
  File "D:\backend_luminan\myapp\views.py", line 1367, in start_gas_order
    weight = float(product.get("weight", 1))
ValueError: could not convert string to float: '5kg'
"POST /api/v1/orders/start/ HTTP/1.1" 500 101121
Internal Server Error: /api/v1/orders/start/
Traceback (most recent call last):
  File "C:\Users\HomePC4r\AppData\Local\Programs\Python\Python313\Lib\site-packages\django\core\handlers\exception.py", line 55, in inner
    response = get_response(request)
  File "C:\Users\HomePC4r\AppData\Local\Programs\Python\Python313\Lib\site-packages\django\core\handlers\base.py", line 197, in _get_response
    response = wrapped_callback(request, *callback_args, **callback_kwargs)
  File "C:\Users\HomePC4r\AppData\Local\Programs\Python\Python313\Lib\site-packages\django\views\decorators\csrf.py", line 65, in _view_wrapper
    return view_func(request, *args, **kwargs)
  File "C:\Users\HomePC4r\AppData\Local\Programs\Python\Python313\Lib\site-packages\django\views\generic\base.py", line 105, in view
    return self.dispatch(request, *args, **kwargs)
           ~~~~~~~~~~~~~^^^^^^^^^^^^^^^^^^^^^^^^^^
  File "C:\Users\HomePC4r\AppData\Local\Programs\Python\Python313\Lib\site-packages\rest_framework\views.py", line 515, in dispatch
    response = self.handle_exception(exc)
  File "C:\Users\HomePC4r\AppData\Local\Programs\Python\Python313\Lib\site-packages\rest_framework\views.py", line 475, in handle_exception
    self.raise_uncaught_exception(exc)
    ~~~~~~~~~~~~~~~~~~~~~~~~~~~~~^^^^^
  File "C:\Users\HomePC4r\AppData\Local\Programs\Python\Python313\Lib\site-packages\rest_framework\views.py", line 486, in raise_uncaught_exception
    raise exc
  File "C:\Users\HomePC4r\AppData\Local\Programs\Python\Python313\Lib\site-packages\rest_framework\views.py", line 512, in dispatch
    response = handler(request, *args, **kwargs)
  File "C:\Users\HomePC4r\AppData\Local\Programs\Python\Python313\Lib\site-packages\rest_framework\decorators.py", line 50, in handler
    return func(*args, **kwargs)
  File "D:\backend_luminan\myapp\views.py", line 1367, in start_gas_order
    weight = float(product.get("weight", 1))
ValueError: could not convert string to float: '5kg'
"POST /api/v1/orders/start/ HTTP/1.1" 500 101133
Internal Server Error: /api/v1/orders/start/
Traceback (most recent call last):
  File "C:\Users\HomePC4r\AppData\Local\Programs\Python\Python313\Lib\site-packages\django\core\handlers\exception.py", line 55, in inner
    response = get_response(request)
  File "C:\Users\HomePC4r\AppData\Local\Programs\Python\Python313\Lib\site-packages\django\core\handlers\base.py", line 197, in _get_response
    response = wrapped_callback(request, *callback_args, **callback_kwargs)
  File "C:\Users\HomePC4r\AppData\Local\Programs\Python\Python313\Lib\site-packages\django\views\decorators\csrf.py", line 65, in _view_wrapper
    return view_func(request, *args, **kwargs)
  File "C:\Users\HomePC4r\AppData\Local\Programs\Python\Python313\Lib\site-packages\django\views\generic\base.py", line 105, in view
    return self.dispatch(request, *args, **kwargs)
           ~~~~~~~~~~~~~^^^^^^^^^^^^^^^^^^^^^^^^^^
  File "C:\Users\HomePC4r\AppData\Local\Programs\Python\Python313\Lib\site-packages\rest_framework\views.py", line 515, in dispatch
    response = self.handle_exception(exc)
  File "C:\Users\HomePC4r\AppData\Local\Programs\Python\Python313\Lib\site-packages\rest_framework\views.py", line 475, in handle_exception
    self.raise_uncaught_exception(exc)
    ~~~~~~~~~~~~~~~~~~~~~~~~~~~~~^^^^^
  File "C:\Users\HomePC4r\AppData\Local\Programs\Python\Python313\Lib\site-packages\rest_framework\views.py", line 486, in raise_uncaught_exception
    raise exc
  File "C:\Users\HomePC4r\AppData\Local\Programs\Python\Python313\Lib\site-packages\rest_framework\views.py", line 512, in dispatch
    response = handler(request, *args, **kwargs)
  File "C:\Users\HomePC4r\AppData\Local\Programs\Python\Python313\Lib\site-packages\rest_framework\decorators.py", line 50, in handler
    return func(*args, **kwargs)
  File "D:\backend_luminan\myapp\views.py", line 1367, in start_gas_order
    weight = float(product.get("weight", 1))
ValueError: could not convert string to float: '5kg'
"POST /api/v1/orders/start/ HTTP/1.1" 500 101133
Internal Server Error: /api/v1/orders/start/
Traceback (most recent call last):
  File "C:\Users\HomePC4r\AppData\Local\Programs\Python\Python313\Lib\site-packages\django\core\handlers\exception.py", line 55, in inner
    response = get_response(request)
  File "C:\Users\HomePC4r\AppData\Local\Programs\Python\Python313\Lib\site-packages\django\core\handlers\base.py", line 197, in _get_response
    response = wrapped_callback(request, *callback_args, **callback_kwargs)
  File "C:\Users\HomePC4r\AppData\Local\Programs\Python\Python313\Lib\site-packages\django\views\decorators\csrf.py", line 65, in _view_wrapper
    return view_func(request, *args, **kwargs)
  File "C:\Users\HomePC4r\AppData\Local\Programs\Python\Python313\Lib\site-packages\django\views\generic\base.py", line 105, in view
    return self.dispatch(request, *args, **kwargs)
           ~~~~~~~~~~~~~^^^^^^^^^^^^^^^^^^^^^^^^^^
  File "C:\Users\HomePC4r\AppData\Local\Programs\Python\Python313\Lib\site-packages\rest_framework\views.py", line 515, in dispatch
    response = self.handle_exception(exc)
  File "C:\Users\HomePC4r\AppData\Local\Programs\Python\Python313\Lib\site-packages\rest_framework\views.py", line 475, in handle_exception
    self.raise_uncaught_exception(exc)
    ~~~~~~~~~~~~~~~~~~~~~~~~~~~~~^^^^^
  File "C:\Users\HomePC4r\AppData\Local\Programs\Python\Python313\Lib\site-packages\rest_framework\views.py", line 486, in raise_uncaught_exception
    raise exc
  File "C:\Users\HomePC4r\AppData\Local\Programs\Python\Python313\Lib\site-packages\rest_framework\views.py", line 512, in dispatch
    response = handler(request, *args, **kwargs)
  File "C:\Users\HomePC4r\AppData\Local\Programs\Python\Python313\Lib\site-packages\rest_framework\decorators.py", line 50, in handler
    return func(*args, **kwargs)
  File "D:\backend_luminan\myapp\views.py", line 1367, in start_gas_order
    weight = float(product.get("weight", 1))
ValueError: could not convert string to float: '5kg'
"POST /api/v1/orders/start/ HTTP/1.1" 500 101133
Internal Server Error: /api/v1/orders/start/
Traceback (most recent call last):
  File "C:\Users\HomePC4r\AppData\Local\Programs\Python\Python313\Lib\site-packages\django\core\handlers\exception.py", line 55, in inner
    response = get_response(request)
  File "C:\Users\HomePC4r\AppData\Local\Programs\Python\Python313\Lib\site-packages\django\core\handlers\base.py", line 197, in _get_response
    response = wrapped_callback(request, *callback_args, **callback_kwargs)
  File "C:\Users\HomePC4r\AppData\Local\Programs\Python\Python313\Lib\site-packages\django\views\decorators\csrf.py", line 65, in _view_wrapper
    return view_func(request, *args, **kwargs)
  File "C:\Users\HomePC4r\AppData\Local\Programs\Python\Python313\Lib\site-packages\django\views\generic\base.py", line 105, in view
    return self.dispatch(request, *args, **kwargs)
           ~~~~~~~~~~~~~^^^^^^^^^^^^^^^^^^^^^^^^^^
  File "C:\Users\HomePC4r\AppData\Local\Programs\Python\Python313\Lib\site-packages\rest_framework\views.py", line 515, in dispatch
    response = self.handle_exception(exc)
  File "C:\Users\HomePC4r\AppData\Local\Programs\Python\Python313\Lib\site-packages\rest_framework\views.py", line 475, in handle_exception
    self.raise_uncaught_exception(exc)
    ~~~~~~~~~~~~~~~~~~~~~~~~~~~~~^^^^^
  File "C:\Users\HomePC4r\AppData\Local\Programs\Python\Python313\Lib\site-packages\rest_framework\views.py", line 486, in raise_uncaught_exception
    raise exc
  File "C:\Users\HomePC4r\AppData\Local\Programs\Python\Python313\Lib\site-packages\rest_framework\views.py", line 512, in dispatch
    response = handler(request, *args, **kwargs)
  File "C:\Users\HomePC4r\AppData\Local\Programs\Python\Python313\Lib\site-packages\rest_framework\decorators.py", line 50, in handler
    return func(*args, **kwargs)
  File "D:\backend_luminan\myapp\views.py", line 1367, in start_gas_order
    weight = float(product.get("weight", 1))
ValueError: could not convert string to float: '5kg'
"POST /api/v1/orders/start/ HTTP/1.1" 500 101133
Internal Server Error: /api/v1/orders/start/
Traceback (most recent call last):
  File "C:\Users\HomePC4r\AppData\Local\Programs\Python\Python313\Lib\site-packages\django\core\handlers\exception.py", line 55, in inner
    response = get_response(request)
  File "C:\Users\HomePC4r\AppData\Local\Programs\Python\Python313\Lib\site-packages\django\core\handlers\base.py", line 197, in _get_response
    response = wrapped_callback(request, *callback_args, **callback_kwargs)
  File "C:\Users\HomePC4r\AppData\Local\Programs\Python\Python313\Lib\site-packages\django\views\decorators\csrf.py", line 65, in _view_wrapper
    return view_func(request, *args, **kwargs)
  File "C:\Users\HomePC4r\AppData\Local\Programs\Python\Python313\Lib\site-packages\django\views\generic\base.py", line 105, in view
    return self.dispatch(request, *args, **kwargs)
           ~~~~~~~~~~~~~^^^^^^^^^^^^^^^^^^^^^^^^^^
  File "C:\Users\HomePC4r\AppData\Local\Programs\Python\Python313\Lib\site-packages\rest_framework\views.py", line 515, in dispatch
    response = self.handle_exception(exc)
  File "C:\Users\HomePC4r\AppData\Local\Programs\Python\Python313\Lib\site-packages\rest_framework\views.py", line 475, in handle_exception
    self.raise_uncaught_exception(exc)
    ~~~~~~~~~~~~~~~~~~~~~~~~~~~~~^^^^^
  File "C:\Users\HomePC4r\AppData\Local\Programs\Python\Python313\Lib\site-packages\rest_framework\views.py", line 486, in raise_uncaught_exception
    raise exc
  File "C:\Users\HomePC4r\AppData\Local\Programs\Python\Python313\Lib\site-packages\rest_framework\views.py", line 512, in dispatch
    response = handler(request, *args, **kwargs)
  File "C:\Users\HomePC4r\AppData\Local\Programs\Python\Python313\Lib\site-packages\rest_framework\decorators.py", line 50, in handler
    return func(*args, **kwargs)
  File "D:\backend_luminan\myapp\views.py", line 1425, in start_gas_order
    inserted = gas_orders_collection.insert_one(order_doc)
               ^^^^^^^^^^^^^^^^^^^^^
NameError: name 'gas_orders_collection' is not defined. Did you mean: 'users_collection'?
"POST /api/v1/orders/start/ HTTP/1.1" 500 103597
Internal Server Error: /api/v1/orders/start/
Traceback (most recent call last):
  File "C:\Users\HomePC4r\AppData\Local\Programs\Python\Python313\Lib\site-packages\django\core\handlers\exception.py", line 55, in inner
    response = get_response(request)
  File "C:\Users\HomePC4r\AppData\Local\Programs\Python\Python313\Lib\site-packages\django\core\handlers\base.py", line 197, in _get_response
    response = wrapped_callback(request, *callback_args, **callback_kwargs)
  File "C:\Users\HomePC4r\AppData\Local\Programs\Python\Python313\Lib\site-packages\django\views\decorators\csrf.py", line 65, in _view_wrapper
    return view_func(request, *args, **kwargs)
  File "C:\Users\HomePC4r\AppData\Local\Programs\Python\Python313\Lib\site-packages\django\views\generic\base.py", line 105, in view
    return self.dispatch(request, *args, **kwargs)
           ~~~~~~~~~~~~~^^^^^^^^^^^^^^^^^^^^^^^^^^
  File "C:\Users\HomePC4r\AppData\Local\Programs\Python\Python313\Lib\site-packages\rest_framework\views.py", line 515, in dispatch
    response = self.handle_exception(exc)
  File "C:\Users\HomePC4r\AppData\Local\Programs\Python\Python313\Lib\site-packages\rest_framework\views.py", line 475, in handle_exception
    self.raise_uncaught_exception(exc)
    ~~~~~~~~~~~~~~~~~~~~~~~~~~~~~^^^^^
  File "C:\Users\HomePC4r\AppData\Local\Programs\Python\Python313\Lib\site-packages\rest_framework\views.py", line 486, in raise_uncaught_exception
    raise exc
  File "C:\Users\HomePC4r\AppData\Local\Programs\Python\Python313\Lib\site-packages\rest_framework\views.py", line 512, in dispatch
    response = handler(request, *args, **kwargs)
  File "C:\Users\HomePC4r\AppData\Local\Programs\Python\Python313\Lib\site-packages\rest_framework\decorators.py", line 50, in handler
    return func(*args, **kwargs)
  File "D:\backend_luminan\myapp\views.py", line 1425, in start_gas_order
    inserted = gas_orders_collection.insert_one(order_doc)
               ^^^^^^^^^^^^^^^^^^^^^
NameError: name 'gas_orders_collection' is not defined. Did you mean: 'users_collection'?
"POST /api/v1/orders/start/ HTTP/1.1" 500 103588
Internal Server Error: /api/v1/orders/start/
Traceback (most recent call last):
  File "C:\Users\HomePC4r\AppData\Local\Programs\Python\Python313\Lib\site-packages\django\core\handlers\exception.py", line 55, in inner
    response = get_response(request)
  File "C:\Users\HomePC4r\AppData\Local\Programs\Python\Python313\Lib\site-packages\django\core\handlers\base.py", line 197, in _get_response
    response = wrapped_callback(request, *callback_args, **callback_kwargs)
  File "C:\Users\HomePC4r\AppData\Local\Programs\Python\Python313\Lib\site-packages\django\views\decorators\csrf.py", line 65, in _view_wrapper
    return view_func(request, *args, **kwargs)
  File "C:\Users\HomePC4r\AppData\Local\Programs\Python\Python313\Lib\site-packages\django\views\generic\base.py", line 105, in view
    return self.dispatch(request, *args, **kwargs)
           ~~~~~~~~~~~~~^^^^^^^^^^^^^^^^^^^^^^^^^^
  File "C:\Users\HomePC4r\AppData\Local\Programs\Python\Python313\Lib\site-packages\rest_framework\views.py", line 515, in dispatch
    response = self.handle_exception(exc)
  File "C:\Users\HomePC4r\AppData\Local\Programs\Python\Python313\Lib\site-packages\rest_framework\views.py", line 475, in handle_exception
    self.raise_uncaught_exception(exc)
    ~~~~~~~~~~~~~~~~~~~~~~~~~~~~~^^^^^
  File "C:\Users\HomePC4r\AppData\Local\Programs\Python\Python313\Lib\site-packages\rest_framework\views.py", line 486, in raise_uncaught_exception
    raise exc
  File "C:\Users\HomePC4r\AppData\Local\Programs\Python\Python313\Lib\site-packages\rest_framework\views.py", line 512, in dispatch
    response = handler(request, *args, **kwargs)
  File "C:\Users\HomePC4r\AppData\Local\Programs\Python\Python313\Lib\site-packages\rest_framework\decorators.py", line 50, in handler
    return func(*args, **kwargs)
  File "D:\backend_luminan\myapp\views.py", line 1425, in start_gas_order
    inserted = gas_orders_collection.insert_one(order_doc)
               ^^^^^^^^^^^^^^^^^^^^^
NameError: name 'gas_orders_collection' is not defined. Did you mean: 'users_collection'?
"POST /api/v1/orders/start/ HTTP/1.1" 500 103591
Internal Server Error: /api/v1/orders/start/
Traceback (most recent call last):
  File "C:\Users\HomePC4r\AppData\Local\Programs\Python\Python313\Lib\site-packages\django\core\handlers\exception.py", line 55, in inner
    response = get_response(request)
  File "C:\Users\HomePC4r\AppData\Local\Programs\Python\Python313\Lib\site-packages\django\core\handlers\base.py", line 197, in _get_response
    response = wrapped_callback(request, *callback_args, **callback_kwargs)
  File "C:\Users\HomePC4r\AppData\Local\Programs\Python\Python313\Lib\site-packages\django\views\decorators\csrf.py", line 65, in _view_wrapper
    return view_func(request, *args, **kwargs)
  File "C:\Users\HomePC4r\AppData\Local\Programs\Python\Python313\Lib\site-packages\django\views\generic\base.py", line 105, in view
    return self.dispatch(request, *args, **kwargs)
           ~~~~~~~~~~~~~^^^^^^^^^^^^^^^^^^^^^^^^^^
  File "C:\Users\HomePC4r\AppData\Local\Programs\Python\Python313\Lib\site-packages\rest_framework\views.py", line 515, in dispatch
    response = self.handle_exception(exc)
  File "C:\Users\HomePC4r\AppData\Local\Programs\Python\Python313\Lib\site-packages\rest_framework\views.py", line 475, in handle_exception
    self.raise_uncaught_exception(exc)
    ~~~~~~~~~~~~~~~~~~~~~~~~~~~~~^^^^^
  File "C:\Users\HomePC4r\AppData\Local\Programs\Python\Python313\Lib\site-packages\rest_framework\views.py", line 486, in raise_uncaught_exception
    raise exc
  File "C:\Users\HomePC4r\AppData\Local\Programs\Python\Python313\Lib\site-packages\rest_framework\views.py", line 512, in dispatch
    response = handler(request, *args, **kwargs)
  File "C:\Users\HomePC4r\AppData\Local\Programs\Python\Python313\Lib\site-packages\rest_framework\decorators.py", line 50, in handler
    return func(*args, **kwargs)
  File "D:\backend_luminan\myapp\views.py", line 1425, in start_gas_order
    inserted = gas_orders_collection.insert_one(order_doc)
               ^^^^^^^^^^^^^^^^^^^^^
NameError: name 'gas_orders_collection' is not defined. Did you mean: 'users_collection'?
"POST /api/v1/orders/start/ HTTP/1.1" 500 103591
Internal Server Error: /api/v1/orders/start/
"POST /api/v1/orders/start/ HTTP/1.1" 500 55
Internal Server Error: /api/v1/orders/start/
"POST /api/v1/orders/start/ HTTP/1.1" 500 55
Internal Server Error: /api/v1/orders/start/
Traceback (most recent call last):
  File "C:\Users\HomePC4r\AppData\Local\Programs\Python\Python313\Lib\site-packages\django\core\handlers\exception.py", line 55, in inner
    response = get_response(request)
  File "C:\Users\HomePC4r\AppData\Local\Programs\Python\Python313\Lib\site-packages\django\core\handlers\base.py", line 220, in _get_response
    response = response.render()
  File "C:\Users\HomePC4r\AppData\Local\Programs\Python\Python313\Lib\site-packages\django\template\response.py", line 114, in render
    self.content = self.rendered_content
                   ^^^^^^^^^^^^^^^^^^^^^
  File "C:\Users\HomePC4r\AppData\Local\Programs\Python\Python313\Lib\site-packages\rest_framework\response.py", line 74, in rendered_content
    ret = renderer.render(self.data, accepted_media_type, context)
  File "C:\Users\HomePC4r\AppData\Local\Programs\Python\Python313\Lib\site-packages\rest_framework\renderers.py", line 100, in render
    ret = json.dumps(
        data, cls=self.encoder_class,
        indent=indent, ensure_ascii=self.ensure_ascii,
        allow_nan=not self.strict, separators=separators
    )
  File "C:\Users\HomePC4r\AppData\Local\Programs\Python\Python313\Lib\site-packages\rest_framework\utils\json.py", line 25, in dumps
    return json.dumps(*args, **kwargs)
           ~~~~~~~~~~^^^^^^^^^^^^^^^^^
  File "C:\Users\HomePC4r\AppData\Local\Programs\Python\Python313\Lib\json\__init__.py", line 238, in dumps
    **kw).encode(obj)
          ~~~~~~^^^^^
  File "C:\Users\HomePC4r\AppData\Local\Programs\Python\Python313\Lib\json\encoder.py", line 200, in encode
    chunks = self.iterencode(o, _one_shot=True)
  File "C:\Users\HomePC4r\AppData\Local\Programs\Python\Python313\Lib\json\encoder.py", line 261, in iterencode
    return _iterencode(o, 0)
  File "C:\Users\HomePC4r\AppData\Local\Programs\Python\Python313\Lib\site-packages\rest_framework\utils\encoders.py", line 67, in default
    return super().default(obj)
           ~~~~~~~~~~~~~~~^^^^^
  File "C:\Users\HomePC4r\AppData\Local\Programs\Python\Python313\Lib\json\encoder.py", line 180, in default
    raise TypeError(f'Object of type {o.__class__.__name__} '
                    f'is not JSON serializable')
TypeError: Object of type ObjectId is not JSON serializable
"POST /api/v1/orders/start/ HTTP/1.1" 500 113547
Internal Server Error: /api/v1/orders/start/
"POST /api/v1/orders/start/ HTTP/1.1" 500 78
Internal Server Error: /api/v1/orders/start/
"POST /api/v1/orders/start/ HTTP/1.1" 500 78
Internal Server Error: /api/v1/orders/start/
"POST /api/v1/orders/start/ HTTP/1.1" 500 78
Internal Server Error: /api/v1/orders/start/
"POST /api/v1/orders/start/ HTTP/1.1" 500 78
Internal Server Error: /api/v1/orders/68f64524717f281bc640e27b/status/
"GET /api/v1/orders/68f64524717f281bc640e27b/status/ HTTP/1.1" 500 55
Internal Server Error: /api/v1/orders/68f64524717f281bc640e27b/status/
"GET /api/v1/orders/68f64524717f281bc640e27b/status/ HTTP/1.1" 500 55
Internal Server Error: /api/v1/orders/68f64524717f281bc640e27b/status/
"GET /api/v1/orders/68f64524717f281bc640e27b/status/ HTTP/1.1" 500 55
Internal Server Error: /api/v1/orders/68f64524717f281bc640e27b/status/
"GET /api/v1/orders/68f64524717f281bc640e27b/status/ HTTP/1.1" 500 55
Internal Server Error: /api/v1/orders/68f64524717f281bc640e27b/status/
"GET /api/v1/orders/68f64524717f281bc640e27b/status/ HTTP/1.1" 500 55
Internal Server Error: /paynow/update
Traceback (most recent call last):
  File "C:\Users\HomePC4r\AppData\Local\Programs\Python\Python313\Lib\site-packages\django\core\handlers\exception.py", line 55, in inner
    response = get_response(request)
  File "C:\Users\HomePC4r\AppData\Local\Programs\Python\Python313\Lib\site-packages\django\core\handlers\base.py", line 197, in _get_response
    response = wrapped_callback(request, *callback_args, **callback_kwargs)
  File "C:\Users\HomePC4r\AppData\Local\Programs\Python\Python313\Lib\site-packages\django\views\decorators\csrf.py", line 65, in _view_wrapper
    return view_func(request, *args, **kwargs)
  File "C:\Users\HomePC4r\AppData\Local\Programs\Python\Python313\Lib\site-packages\django\views\generic\base.py", line 105, in view
    return self.dispatch(request, *args, **kwargs)
           ~~~~~~~~~~~~~^^^^^^^^^^^^^^^^^^^^^^^^^^
  File "C:\Users\HomePC4r\AppData\Local\Programs\Python\Python313\Lib\site-packages\rest_framework\views.py", line 517, in dispatch
    self.response = self.finalize_response(request, response, *args, **kwargs)
                    ~~~~~~~~~~~~~~~~~~~~~~^^^^^^^^^^^^^^^^^^^^^^^^^^^^^^^^^^^^
  File "C:\Users\HomePC4r\AppData\Local\Programs\Python\Python313\Lib\site-packages\rest_framework\views.py", line 429, in finalize_response
    assert isinstance(response, HttpResponseBase), (
           ~~~~~~~~~~^^^^^^^^^^^^^^^^^^^^^^^^^^^^
AssertionError: Expected a `Response`, `HttpResponse` or `StreamingHttpResponse` to be returned from the view, but received a `<class 'NoneType'>`
"GET /paynow/update?reference=TESTORDER123&paynowreference=PNWTESTREF HTTP/1.1" 500 83497
Internal Server Error: /driver/orders/68f76204e240e85f5b2c6c6e/
Traceback (most recent call last):
  File "C:\Users\HomePC4r\AppData\Local\Programs\Python\Python313\Lib\site-packages\django\core\handlers\exception.py", line 55, in inner
    response = get_response(request)
  File "C:\Users\HomePC4r\AppData\Local\Programs\Python\Python313\Lib\site-packages\django\core\handlers\base.py", line 197, in _get_response
    response = wrapped_callback(request, *callback_args, **callback_kwargs)
  File "C:\Users\HomePC4r\AppData\Local\Programs\Python\Python313\Lib\site-packages\django\views\decorators\csrf.py", line 65, in _view_wrapper
    return view_func(request, *args, **kwargs)
  File "C:\Users\HomePC4r\AppData\Local\Programs\Python\Python313\Lib\site-packages\django\views\generic\base.py", line 105, in view
    return self.dispatch(request, *args, **kwargs)
           ~~~~~~~~~~~~~^^^^^^^^^^^^^^^^^^^^^^^^^^
  File "C:\Users\HomePC4r\AppData\Local\Programs\Python\Python313\Lib\site-packages\rest_framework\views.py", line 515, in dispatch
    response = self.handle_exception(exc)
  File "C:\Users\HomePC4r\AppData\Local\Programs\Python\Python313\Lib\site-packages\rest_framework\views.py", line 475, in handle_exception
    self.raise_uncaught_exception(exc)
    ~~~~~~~~~~~~~~~~~~~~~~~~~~~~~^^^^^
  File "C:\Users\HomePC4r\AppData\Local\Programs\Python\Python313\Lib\site-packages\rest_framework\views.py", line 486, in raise_uncaught_exception
    raise exc
  File "C:\Users\HomePC4r\AppData\Local\Programs\Python\Python313\Lib\site-packages\rest_framework\views.py", line 512, in dispatch
    response = handler(request, *args, **kwargs)
  File "C:\Users\HomePC4r\AppData\Local\Programs\Python\Python313\Lib\site-packages\rest_framework\decorators.py", line 50, in handler
    return func(*args, **kwargs)
TypeError: driver_get_order() got an unexpected keyword argument 'order_id'
"GET /driver/orders/68f76204e240e85f5b2c6c6e/ HTTP/1.1" 500 95906
Internal Server Error: /api/v1/driver/orders/
"GET /api/v1/driver/orders/?driver_id=68f7396a37b2e2059640b24f HTTP/1.1" 500 1548
You're accessing the development server over HTTPS, but it only supports HTTP.
You're accessing the development server over HTTPS, but it only supports HTTP.
You're accessing the development server over HTTPS, but it only supports HTTP.
You're accessing the development server over HTTPS, but it only supports HTTP.
You're accessing the development server over HTTPS, but it only supports HTTP.
You're accessing the development server over HTTPS, but it only supports HTTP.
Internal Server Error: /api/v1/orders/start/
"POST /api/v1/orders/start/ HTTP/1.1" 500 1513
Internal Server Error: /api/v1/user/profile/
"GET /api/v1/user/profile/ HTTP/1.1" 500 47
Internal Server Error: /api/v1/user/profile/
"GET /api/v1/user/profile/ HTTP/1.1" 500 47
Internal Server Error: /api/v1/driver/orders/
Internal Server Error: /api/v1/driver/orders/
"GET /api/v1/driver/orders/?driver_id=68f7396a37b2e2059640b24f HTTP/1.1" 500 1548
Internal Server Error: /api/v1/orders/68f9e9365bdb17365b6c081a/tracking-details/
"GET /api/v1/orders/68f9e9365bdb17365b6c081a/tracking-details/ HTTP/1.1" 500 158
Internal Server Error: /api/v1/orders/68f9e9365bdb17365b6c081a/tracking-details/
"GET /api/v1/orders/68f9e9365bdb17365b6c081a/tracking-details/ HTTP/1.1" 500 130
Internal Server Error: /api/v1/orders/68f9e9365bdb17365b6c081a/tracking-details/
"GET /api/v1/orders/68f9e9365bdb17365b6c081a/tracking-details/ HTTP/1.1" 500 158
Internal Server Error: /api/v1/orders/68f9e9365bdb17365b6c081a/tracking-details/
"GET /api/v1/orders/68f9e9365bdb17365b6c081a/tracking-details/ HTTP/1.1" 500 158
Internal Server Error: /api/v1/orders/68f9e9365bdb17365b6c081a/tracking-details/
"GET /api/v1/orders/68f9e9365bdb17365b6c081a/tracking-details/ HTTP/1.1" 500 158
Internal Server Error: /api/v1/orders/68f9e9365bdb17365b6c081a/tracking-details/
"GET /api/v1/orders/68f9e9365bdb17365b6c081a/tracking-details/ HTTP/1.1" 500 105
Internal Server Error: /api/v1/driver/verify-otp/
Internal Server Error: /api/v1/orders/68fa3bbaedfa757ea19e0ed6/tracking-details/
Internal Server Error: /api/v1/driver/profile/68fa3b59edfa757ea19e0ed5/
Internal Server Error: /api/v1/user/refresh/
Internal Server Error: /api/v1/user/refresh/
Internal Server Error: /api/v1/user/refresh/
Internal Server Error: /api/v1/user/refresh/
Internal Server Error: /api/v1/driver/performance/
Internal Server Error: /api/v1/driver/performance/
Internal Server Error: /api/v1/driver/performance/
Internal Server Error: /api/v1/driver/performance/
Internal Server Error: /api/v1/driver/performance/
Internal Server Error: /api/admin/sales/volume/
Traceback (most recent call last):
  File "C:\Users\HomePC4r\AppData\Local\Programs\Python\Python313\Lib\site-packages\asgiref\sync.py", line 489, in thread_handler
    raise exc_info[1]
  File "C:\Users\HomePC4r\AppData\Local\Programs\Python\Python313\Lib\site-packages\django\core\handlers\exception.py", line 42, in inner
    response = await get_response(request)
               ^^^^^^^^^^^^^^^^^^^^^^^^^^^
  File "C:\Users\HomePC4r\AppData\Local\Programs\Python\Python313\Lib\site-packages\django\core\handlers\base.py", line 235, in _get_response_async
    callback, callback_args, callback_kwargs = self.resolve_request(request)
                                               ~~~~~~~~~~~~~~~~~~~~^^^^^^^^^
  File "C:\Users\HomePC4r\AppData\Local\Programs\Python\Python313\Lib\site-packages\django\core\handlers\base.py", line 313, in resolve_request
    resolver_match = resolver.resolve(request.path_info)
  File "C:\Users\HomePC4r\AppData\Local\Programs\Python\Python313\Lib\site-packages\django\urls\resolvers.py", line 666, in resolve
    for pattern in self.url_patterns:
                   ^^^^^^^^^^^^^^^^^
  File "C:\Users\HomePC4r\AppData\Local\Programs\Python\Python313\Lib\site-packages\django\utils\functional.py", line 47, in __get__
    res = instance.__dict__[self.name] = self.func(instance)
                                         ~~~~~~~~~^^^^^^^^^^
  File "C:\Users\HomePC4r\AppData\Local\Programs\Python\Python313\Lib\site-packages\django\urls\resolvers.py", line 718, in url_patterns
    patterns = getattr(self.urlconf_module, "urlpatterns", self.urlconf_module)
                       ^^^^^^^^^^^^^^^^^^^
  File "C:\Users\HomePC4r\AppData\Local\Programs\Python\Python313\Lib\site-packages\django\utils\functional.py", line 47, in __get__
    res = instance.__dict__[self.name] = self.func(instance)
                                         ~~~~~~~~~^^^^^^^^^^
  File "C:\Users\HomePC4r\AppData\Local\Programs\Python\Python313\Lib\site-packages\django\urls\resolvers.py", line 711, in urlconf_module
    return import_module(self.urlconf_name)
  File "C:\Users\HomePC4r\AppData\Local\Programs\Python\Python313\Lib\importlib\__init__.py", line 88, in import_module
    return _bootstrap._gcd_import(name[level:], package, level)
           ~~~~~~~~~~~~~~~~~~~~~~^^^^^^^^^^^^^^^^^^^^^^^^^^^^^^
  File "<frozen importlib._bootstrap>", line 1387, in _gcd_import
  File "<frozen importlib._bootstrap>", line 1360, in _find_and_load
  File "<frozen importlib._bootstrap>", line 1331, in _find_and_load_unlocked
  File "<frozen importlib._bootstrap>", line 935, in _load_unlocked
  File "<frozen importlib._bootstrap_external>", line 1026, in exec_module
  File "<frozen importlib._bootstrap>", line 488, in _call_with_frames_removed
  File "D:\backend_luminan\myproject\urls.py", line 22, in <module>
    path('', include('myapp.urls')),
             ~~~~~~~^^^^^^^^^^^^^^
  File "C:\Users\HomePC4r\AppData\Local\Programs\Python\Python313\Lib\site-packages\django\urls\conf.py", line 39, in include
    urlconf_module = import_module(urlconf_module)
  File "C:\Users\HomePC4r\AppData\Local\Programs\Python\Python313\Lib\importlib\__init__.py", line 88, in import_module
    return _bootstrap._gcd_import(name[level:], package, level)
           ~~~~~~~~~~~~~~~~~~~~~~^^^^^^^^^^^^^^^^^^^^^^^^^^^^^^
  File "<frozen importlib._bootstrap>", line 1387, in _gcd_import
  File "<frozen importlib._bootstrap>", line 1360, in _find_and_load
  File "<frozen importlib._bootstrap>", line 1331, in _find_and_load_unlocked
  File "<frozen importlib._bootstrap>", line 935, in _load_unlocked
  File "<frozen importlib._bootstrap_external>", line 1026, in exec_module
  File "<frozen importlib._bootstrap>", line 488, in _call_with_frames_removed
  File "D:\backend_luminan\myapp\urls.py", line 265, in <module>
AttributeError: module 'myapp.views' has no attribute 'admin_total_sales'

During handling of the above exception, another exception occurred:

Traceback (most recent call last):
  File "C:\Users\HomePC4r\AppData\Local\Programs\Python\Python313\Lib\site-packages\asgiref\sync.py", line 489, in thread_handler
    raise exc_info[1]
  File "C:\Users\HomePC4r\AppData\Local\Programs\Python\Python313\Lib\site-packages\django\core\handlers\exception.py", line 42, in inner
    response = await get_response(request)
               ^^^^^^^^^^^^^^^^^^^^^^^^^^^
  File "C:\Users\HomePC4r\AppData\Local\Programs\Python\Python313\Lib\site-packages\django\utils\deprecation.py", line 136, in __acall__
    response = response or await self.get_response(request)
                           ^^^^^^^^^^^^^^^^^^^^^^^^^^^^^^^^
  File "C:\Users\HomePC4r\AppData\Local\Programs\Python\Python313\Lib\site-packages\django\core\handlers\exception.py", line 44, in inner
    response = await sync_to_async(
               ^^^^^^^^^^^^^^^^^^^^
        response_for_exception, thread_sensitive=False
        ^^^^^^^^^^^^^^^^^^^^^^^^^^^^^^^^^^^^^^^^^^^^^^
    )(request, exc)
    ^^^^^^^^^^^^^^^
  File "C:\Users\HomePC4r\AppData\Local\Programs\Python\Python313\Lib\site-packages\asgiref\sync.py", line 439, in __call__
    ret = await asyncio.shield(exec_coro)
          ^^^^^^^^^^^^^^^^^^^^^^^^^^^^^^^
  File "C:\Users\HomePC4r\AppData\Local\Programs\Python\Python313\Lib\concurrent\futures\thread.py", line 59, in run
    result = self.fn(*self.args, **self.kwargs)
  File "C:\Users\HomePC4r\AppData\Local\Programs\Python\Python313\Lib\site-packages\asgiref\sync.py", line 491, in thread_handler
    return func(*args, **kwargs)
  File "C:\Users\HomePC4r\AppData\Local\Programs\Python\Python313\Lib\site-packages\django\core\handlers\exception.py", line 141, in response_for_exception
    response = handle_uncaught_exception(
        request, get_resolver(get_urlconf()), sys.exc_info()
    )
  File "C:\Users\HomePC4r\AppData\Local\Programs\Python\Python313\Lib\site-packages\django\core\handlers\exception.py", line 182, in handle_uncaught_exception
    return debug.technical_500_response(request, *exc_info)
           ~~~~~~~~~~~~~~~~~~~~~~~~~~~~^^^^^^^^^^^^^^^^^^^^
  File "C:\Users\HomePC4r\AppData\Local\Programs\Python\Python313\Lib\site-packages\django\views\debug.py", line 69, in technical_500_response
    html = reporter.get_traceback_html()
  File "C:\Users\HomePC4r\AppData\Local\Programs\Python\Python313\Lib\site-packages\django\views\debug.py", line 428, in get_traceback_html
    c = Context(self.get_traceback_data(), use_l10n=False)
                ~~~~~~~~~~~~~~~~~~~~~~~^^
  File "C:\Users\HomePC4r\AppData\Local\Programs\Python\Python313\Lib\site-packages\django\views\debug.py", line 411, in get_traceback_data
    c["raising_view_name"] = get_caller(self.request)
                             ~~~~~~~~~~^^^^^^^^^^^^^^
  File "C:\Users\HomePC4r\AppData\Local\Programs\Python\Python313\Lib\site-packages\django\views\debug.py", line 102, in get_caller
    resolver_match = resolve(request.path)
  File "C:\Users\HomePC4r\AppData\Local\Programs\Python\Python313\Lib\site-packages\django\urls\base.py", line 25, in resolve
    return get_resolver(urlconf).resolve(path)
           ~~~~~~~~~~~~~~~~~~~~~~~~~~~~~^^^^^^
  File "C:\Users\HomePC4r\AppData\Local\Programs\Python\Python313\Lib\site-packages\django\urls\resolvers.py", line 666, in resolve
    for pattern in self.url_patterns:
                   ^^^^^^^^^^^^^^^^^
  File "C:\Users\HomePC4r\AppData\Local\Programs\Python\Python313\Lib\site-packages\django\utils\functional.py", line 47, in __get__
    res = instance.__dict__[self.name] = self.func(instance)
                                         ~~~~~~~~~^^^^^^^^^^
  File "C:\Users\HomePC4r\AppData\Local\Programs\Python\Python313\Lib\site-packages\django\urls\resolvers.py", line 718, in url_patterns
    patterns = getattr(self.urlconf_module, "urlpatterns", self.urlconf_module)
                       ^^^^^^^^^^^^^^^^^^^
  File "C:\Users\HomePC4r\AppData\Local\Programs\Python\Python313\Lib\site-packages\django\utils\functional.py", line 47, in __get__
    res = instance.__dict__[self.name] = self.func(instance)
                                         ~~~~~~~~~^^^^^^^^^^
  File "C:\Users\HomePC4r\AppData\Local\Programs\Python\Python313\Lib\site-packages\django\urls\resolvers.py", line 711, in urlconf_module
    return import_module(self.urlconf_name)
  File "C:\Users\HomePC4r\AppData\Local\Programs\Python\Python313\Lib\importlib\__init__.py", line 88, in import_module
    return _bootstrap._gcd_import(name[level:], package, level)
           ~~~~~~~~~~~~~~~~~~~~~~^^^^^^^^^^^^^^^^^^^^^^^^^^^^^^
  File "<frozen importlib._bootstrap>", line 1387, in _gcd_import
  File "<frozen importlib._bootstrap>", line 1360, in _find_and_load
  File "<frozen importlib._bootstrap>", line 1331, in _find_and_load_unlocked
  File "<frozen importlib._bootstrap>", line 935, in _load_unlocked
  File "<frozen importlib._bootstrap_external>", line 1026, in exec_module
  File "<frozen importlib._bootstrap>", line 488, in _call_with_frames_removed
  File "D:\backend_luminan\myproject\urls.py", line 22, in <module>
    path('', include('myapp.urls')),
             ~~~~~~~^^^^^^^^^^^^^^
  File "C:\Users\HomePC4r\AppData\Local\Programs\Python\Python313\Lib\site-packages\django\urls\conf.py", line 39, in include
    urlconf_module = import_module(urlconf_module)
  File "C:\Users\HomePC4r\AppData\Local\Programs\Python\Python313\Lib\importlib\__init__.py", line 88, in import_module
    return _bootstrap._gcd_import(name[level:], package, level)
           ~~~~~~~~~~~~~~~~~~~~~~^^^^^^^^^^^^^^^^^^^^^^^^^^^^^^
  File "<frozen importlib._bootstrap>", line 1387, in _gcd_import
  File "<frozen importlib._bootstrap>", line 1360, in _find_and_load
  File "<frozen importlib._bootstrap>", line 1331, in _find_and_load_unlocked
  File "<frozen importlib._bootstrap>", line 935, in _load_unlocked
  File "<frozen importlib._bootstrap_external>", line 1026, in exec_module
  File "<frozen importlib._bootstrap>", line 488, in _call_with_frames_removed
  File "D:\backend_luminan\myapp\urls.py", line 265, in <module>
AttributeError: module 'myapp.views' has no attribute 'admin_total_sales'

During handling of the above exception, another exception occurred:

Traceback (most recent call last):
  File "C:\Users\HomePC4r\AppData\Local\Programs\Python\Python313\Lib\site-packages\asgiref\sync.py", line 489, in thread_handler
    raise exc_info[1]
  File "C:\Users\HomePC4r\AppData\Local\Programs\Python\Python313\Lib\site-packages\django\core\handlers\exception.py", line 42, in inner
    response = await get_response(request)
               ^^^^^^^^^^^^^^^^^^^^^^^^^^^
  File "C:\Users\HomePC4r\AppData\Local\Programs\Python\Python313\Lib\site-packages\django\utils\deprecation.py", line 136, in __acall__
    response = response or await self.get_response(request)
                           ^^^^^^^^^^^^^^^^^^^^^^^^^^^^^^^^
  File "C:\Users\HomePC4r\AppData\Local\Programs\Python\Python313\Lib\site-packages\django\core\handlers\exception.py", line 44, in inner
    response = await sync_to_async(
               ^^^^^^^^^^^^^^^^^^^^
        response_for_exception, thread_sensitive=False
        ^^^^^^^^^^^^^^^^^^^^^^^^^^^^^^^^^^^^^^^^^^^^^^
    )(request, exc)
    ^^^^^^^^^^^^^^^
  File "C:\Users\HomePC4r\AppData\Local\Programs\Python\Python313\Lib\site-packages\asgiref\sync.py", line 439, in __call__
    ret = await asyncio.shield(exec_coro)
          ^^^^^^^^^^^^^^^^^^^^^^^^^^^^^^^
  File "C:\Users\HomePC4r\AppData\Local\Programs\Python\Python313\Lib\concurrent\futures\thread.py", line 59, in run
    result = self.fn(*self.args, **self.kwargs)
  File "C:\Users\HomePC4r\AppData\Local\Programs\Python\Python313\Lib\site-packages\asgiref\sync.py", line 491, in thread_handler
    return func(*args, **kwargs)
  File "C:\Users\HomePC4r\AppData\Local\Programs\Python\Python313\Lib\site-packages\django\core\handlers\exception.py", line 141, in response_for_exception
    response = handle_uncaught_exception(
        request, get_resolver(get_urlconf()), sys.exc_info()
    )
  File "C:\Users\HomePC4r\AppData\Local\Programs\Python\Python313\Lib\site-packages\django\core\handlers\exception.py", line 182, in handle_uncaught_exception
    return debug.technical_500_response(request, *exc_info)
           ~~~~~~~~~~~~~~~~~~~~~~~~~~~~^^^^^^^^^^^^^^^^^^^^
  File "C:\Users\HomePC4r\AppData\Local\Programs\Python\Python313\Lib\site-packages\django\views\debug.py", line 69, in technical_500_response
    html = reporter.get_traceback_html()
  File "C:\Users\HomePC4r\AppData\Local\Programs\Python\Python313\Lib\site-packages\django\views\debug.py", line 428, in get_traceback_html
    c = Context(self.get_traceback_data(), use_l10n=False)
                ~~~~~~~~~~~~~~~~~~~~~~~^^
  File "C:\Users\HomePC4r\AppData\Local\Programs\Python\Python313\Lib\site-packages\django\views\debug.py", line 411, in get_traceback_data
    c["raising_view_name"] = get_caller(self.request)
                             ~~~~~~~~~~^^^^^^^^^^^^^^
  File "C:\Users\HomePC4r\AppData\Local\Programs\Python\Python313\Lib\site-packages\django\views\debug.py", line 102, in get_caller
    resolver_match = resolve(request.path)
  File "C:\Users\HomePC4r\AppData\Local\Programs\Python\Python313\Lib\site-packages\django\urls\base.py", line 25, in resolve
    return get_resolver(urlconf).resolve(path)
           ~~~~~~~~~~~~~~~~~~~~~~~~~~~~~^^^^^^
  File "C:\Users\HomePC4r\AppData\Local\Programs\Python\Python313\Lib\site-packages\django\urls\resolvers.py", line 666, in resolve
    for pattern in self.url_patterns:
                   ^^^^^^^^^^^^^^^^^
  File "C:\Users\HomePC4r\AppData\Local\Programs\Python\Python313\Lib\site-packages\django\utils\functional.py", line 47, in __get__
    res = instance.__dict__[self.name] = self.func(instance)
                                         ~~~~~~~~~^^^^^^^^^^
  File "C:\Users\HomePC4r\AppData\Local\Programs\Python\Python313\Lib\site-packages\django\urls\resolvers.py", line 718, in url_patterns
    patterns = getattr(self.urlconf_module, "urlpatterns", self.urlconf_module)
                       ^^^^^^^^^^^^^^^^^^^
  File "C:\Users\HomePC4r\AppData\Local\Programs\Python\Python313\Lib\site-packages\django\utils\functional.py", line 47, in __get__
    res = instance.__dict__[self.name] = self.func(instance)
                                         ~~~~~~~~~^^^^^^^^^^
  File "C:\Users\HomePC4r\AppData\Local\Programs\Python\Python313\Lib\site-packages\django\urls\resolvers.py", line 711, in urlconf_module
    return import_module(self.urlconf_name)
  File "C:\Users\HomePC4r\AppData\Local\Programs\Python\Python313\Lib\importlib\__init__.py", line 88, in import_module
    return _bootstrap._gcd_import(name[level:], package, level)
           ~~~~~~~~~~~~~~~~~~~~~~^^^^^^^^^^^^^^^^^^^^^^^^^^^^^^
  File "<frozen importlib._bootstrap>", line 1387, in _gcd_import
  File "<frozen importlib._bootstrap>", line 1360, in _find_and_load
  File "<frozen importlib._bootstrap>", line 1331, in _find_and_load_unlocked
  File "<frozen importlib._bootstrap>", line 935, in _load_unlocked
  File "<frozen importlib._bootstrap_external>", line 1026, in exec_module
  File "<frozen importlib._bootstrap>", line 488, in _call_with_frames_removed
  File "D:\backend_luminan\myproject\urls.py", line 22, in <module>
    path('', include('myapp.urls')),
             ~~~~~~~^^^^^^^^^^^^^^
  File "C:\Users\HomePC4r\AppData\Local\Programs\Python\Python313\Lib\site-packages\django\urls\conf.py", line 39, in include
    urlconf_module = import_module(urlconf_module)
  File "C:\Users\HomePC4r\AppData\Local\Programs\Python\Python313\Lib\importlib\__init__.py", line 88, in import_module
    return _bootstrap._gcd_import(name[level:], package, level)
           ~~~~~~~~~~~~~~~~~~~~~~^^^^^^^^^^^^^^^^^^^^^^^^^^^^^^
  File "<frozen importlib._bootstrap>", line 1387, in _gcd_import
  File "<frozen importlib._bootstrap>", line 1360, in _find_and_load
  File "<frozen importlib._bootstrap>", line 1331, in _find_and_load_unlocked
  File "<frozen importlib._bootstrap>", line 935, in _load_unlocked
  File "<frozen importlib._bootstrap_external>", line 1026, in exec_module
  File "<frozen importlib._bootstrap>", line 488, in _call_with_frames_removed
  File "D:\backend_luminan\myapp\urls.py", line 265, in <module>
AttributeError: module 'myapp.views' has no attribute 'admin_total_sales'

During handling of the above exception, another exception occurred:

Traceback (most recent call last):
  File "C:\Users\HomePC4r\AppData\Local\Programs\Python\Python313\Lib\site-packages\asgiref\sync.py", line 489, in thread_handler
    raise exc_info[1]
  File "C:\Users\HomePC4r\AppData\Local\Programs\Python\Python313\Lib\site-packages\django\core\handlers\exception.py", line 42, in inner
    response = await get_response(request)
               ^^^^^^^^^^^^^^^^^^^^^^^^^^^
  File "C:\Users\HomePC4r\AppData\Local\Programs\Python\Python313\Lib\site-packages\django\utils\deprecation.py", line 136, in __acall__
    response = response or await self.get_response(request)
                           ^^^^^^^^^^^^^^^^^^^^^^^^^^^^^^^^
  File "C:\Users\HomePC4r\AppData\Local\Programs\Python\Python313\Lib\site-packages\django\core\handlers\exception.py", line 44, in inner
    response = await sync_to_async(
               ^^^^^^^^^^^^^^^^^^^^
        response_for_exception, thread_sensitive=False
        ^^^^^^^^^^^^^^^^^^^^^^^^^^^^^^^^^^^^^^^^^^^^^^
    )(request, exc)
    ^^^^^^^^^^^^^^^
  File "C:\Users\HomePC4r\AppData\Local\Programs\Python\Python313\Lib\site-packages\asgiref\sync.py", line 439, in __call__
    ret = await asyncio.shield(exec_coro)
          ^^^^^^^^^^^^^^^^^^^^^^^^^^^^^^^
  File "C:\Users\HomePC4r\AppData\Local\Programs\Python\Python313\Lib\concurrent\futures\thread.py", line 59, in run
    result = self.fn(*self.args, **self.kwargs)
  File "C:\Users\HomePC4r\AppData\Local\Programs\Python\Python313\Lib\site-packages\asgiref\sync.py", line 491, in thread_handler
    return func(*args, **kwargs)
  File "C:\Users\HomePC4r\AppData\Local\Programs\Python\Python313\Lib\site-packages\django\core\handlers\exception.py", line 141, in response_for_exception
    response = handle_uncaught_exception(
        request, get_resolver(get_urlconf()), sys.exc_info()
    )
  File "C:\Users\HomePC4r\AppData\Local\Programs\Python\Python313\Lib\site-packages\django\core\handlers\exception.py", line 182, in handle_uncaught_exception
    return debug.technical_500_response(request, *exc_info)
           ~~~~~~~~~~~~~~~~~~~~~~~~~~~~^^^^^^^^^^^^^^^^^^^^
  File "C:\Users\HomePC4r\AppData\Local\Programs\Python\Python313\Lib\site-packages\django\views\debug.py", line 69, in technical_500_response
    html = reporter.get_traceback_html()
  File "C:\Users\HomePC4r\AppData\Local\Programs\Python\Python313\Lib\site-packages\django\views\debug.py", line 428, in get_traceback_html
    c = Context(self.get_traceback_data(), use_l10n=False)
                ~~~~~~~~~~~~~~~~~~~~~~~^^
  File "C:\Users\HomePC4r\AppData\Local\Programs\Python\Python313\Lib\site-packages\django\views\debug.py", line 411, in get_traceback_data
    c["raising_view_name"] = get_caller(self.request)
                             ~~~~~~~~~~^^^^^^^^^^^^^^
  File "C:\Users\HomePC4r\AppData\Local\Programs\Python\Python313\Lib\site-packages\django\views\debug.py", line 102, in get_caller
    resolver_match = resolve(request.path)
  File "C:\Users\HomePC4r\AppData\Local\Programs\Python\Python313\Lib\site-packages\django\urls\base.py", line 25, in resolve
    return get_resolver(urlconf).resolve(path)
           ~~~~~~~~~~~~~~~~~~~~~~~~~~~~~^^^^^^
  File "C:\Users\HomePC4r\AppData\Local\Programs\Python\Python313\Lib\site-packages\django\urls\resolvers.py", line 666, in resolve
    for pattern in self.url_patterns:
                   ^^^^^^^^^^^^^^^^^
  File "C:\Users\HomePC4r\AppData\Local\Programs\Python\Python313\Lib\site-packages\django\utils\functional.py", line 47, in __get__
    res = instance.__dict__[self.name] = self.func(instance)
                                         ~~~~~~~~~^^^^^^^^^^
  File "C:\Users\HomePC4r\AppData\Local\Programs\Python\Python313\Lib\site-packages\django\urls\resolvers.py", line 718, in url_patterns
    patterns = getattr(self.urlconf_module, "urlpatterns", self.urlconf_module)
                       ^^^^^^^^^^^^^^^^^^^
  File "C:\Users\HomePC4r\AppData\Local\Programs\Python\Python313\Lib\site-packages\django\utils\functional.py", line 47, in __get__
    res = instance.__dict__[self.name] = self.func(instance)
                                         ~~~~~~~~~^^^^^^^^^^
  File "C:\Users\HomePC4r\AppData\Local\Programs\Python\Python313\Lib\site-packages\django\urls\resolvers.py", line 711, in urlconf_module
    return import_module(self.urlconf_name)
  File "C:\Users\HomePC4r\AppData\Local\Programs\Python\Python313\Lib\importlib\__init__.py", line 88, in import_module
    return _bootstrap._gcd_import(name[level:], package, level)
           ~~~~~~~~~~~~~~~~~~~~~~^^^^^^^^^^^^^^^^^^^^^^^^^^^^^^
  File "<frozen importlib._bootstrap>", line 1387, in _gcd_import
  File "<frozen importlib._bootstrap>", line 1360, in _find_and_load
  File "<frozen importlib._bootstrap>", line 1331, in _find_and_load_unlocked
  File "<frozen importlib._bootstrap>", line 935, in _load_unlocked
  File "<frozen importlib._bootstrap_external>", line 1026, in exec_module
  File "<frozen importlib._bootstrap>", line 488, in _call_with_frames_removed
  File "D:\backend_luminan\myproject\urls.py", line 22, in <module>
    path('', include('myapp.urls')),
             ~~~~~~~^^^^^^^^^^^^^^
  File "C:\Users\HomePC4r\AppData\Local\Programs\Python\Python313\Lib\site-packages\django\urls\conf.py", line 39, in include
    urlconf_module = import_module(urlconf_module)
  File "C:\Users\HomePC4r\AppData\Local\Programs\Python\Python313\Lib\importlib\__init__.py", line 88, in import_module
    return _bootstrap._gcd_import(name[level:], package, level)
           ~~~~~~~~~~~~~~~~~~~~~~^^^^^^^^^^^^^^^^^^^^^^^^^^^^^^
  File "<frozen importlib._bootstrap>", line 1387, in _gcd_import
  File "<frozen importlib._bootstrap>", line 1360, in _find_and_load
  File "<frozen importlib._bootstrap>", line 1331, in _find_and_load_unlocked
  File "<frozen importlib._bootstrap>", line 935, in _load_unlocked
  File "<frozen importlib._bootstrap_external>", line 1026, in exec_module
  File "<frozen importlib._bootstrap>", line 488, in _call_with_frames_removed
  File "D:\backend_luminan\myapp\urls.py", line 265, in <module>
AttributeError: module 'myapp.views' has no attribute 'admin_total_sales'

During handling of the above exception, another exception occurred:

Traceback (most recent call last):
  File "C:\Users\HomePC4r\AppData\Local\Programs\Python\Python313\Lib\site-packages\asgiref\sync.py", line 489, in thread_handler
    raise exc_info[1]
  File "C:\Users\HomePC4r\AppData\Local\Programs\Python\Python313\Lib\site-packages\django\core\handlers\exception.py", line 42, in inner
    response = await get_response(request)
               ^^^^^^^^^^^^^^^^^^^^^^^^^^^
  File "C:\Users\HomePC4r\AppData\Local\Programs\Python\Python313\Lib\site-packages\django\utils\deprecation.py", line 136, in __acall__
    response = response or await self.get_response(request)
                           ^^^^^^^^^^^^^^^^^^^^^^^^^^^^^^^^
  File "C:\Users\HomePC4r\AppData\Local\Programs\Python\Python313\Lib\site-packages\django\core\handlers\exception.py", line 44, in inner
    response = await sync_to_async(
               ^^^^^^^^^^^^^^^^^^^^
        response_for_exception, thread_sensitive=False
        ^^^^^^^^^^^^^^^^^^^^^^^^^^^^^^^^^^^^^^^^^^^^^^
    )(request, exc)
    ^^^^^^^^^^^^^^^
  File "C:\Users\HomePC4r\AppData\Local\Programs\Python\Python313\Lib\site-packages\asgiref\sync.py", line 439, in __call__
    ret = await asyncio.shield(exec_coro)
          ^^^^^^^^^^^^^^^^^^^^^^^^^^^^^^^
  File "C:\Users\HomePC4r\AppData\Local\Programs\Python\Python313\Lib\concurrent\futures\thread.py", line 59, in run
    result = self.fn(*self.args, **self.kwargs)
  File "C:\Users\HomePC4r\AppData\Local\Programs\Python\Python313\Lib\site-packages\asgiref\sync.py", line 491, in thread_handler
    return func(*args, **kwargs)
  File "C:\Users\HomePC4r\AppData\Local\Programs\Python\Python313\Lib\site-packages\django\core\handlers\exception.py", line 141, in response_for_exception
    response = handle_uncaught_exception(
        request, get_resolver(get_urlconf()), sys.exc_info()
    )
  File "C:\Users\HomePC4r\AppData\Local\Programs\Python\Python313\Lib\site-packages\django\core\handlers\exception.py", line 182, in handle_uncaught_exception
    return debug.technical_500_response(request, *exc_info)
           ~~~~~~~~~~~~~~~~~~~~~~~~~~~~^^^^^^^^^^^^^^^^^^^^
  File "C:\Users\HomePC4r\AppData\Local\Programs\Python\Python313\Lib\site-packages\django\views\debug.py", line 69, in technical_500_response
    html = reporter.get_traceback_html()
  File "C:\Users\HomePC4r\AppData\Local\Programs\Python\Python313\Lib\site-packages\django\views\debug.py", line 428, in get_traceback_html
    c = Context(self.get_traceback_data(), use_l10n=False)
                ~~~~~~~~~~~~~~~~~~~~~~~^^
  File "C:\Users\HomePC4r\AppData\Local\Programs\Python\Python313\Lib\site-packages\django\views\debug.py", line 411, in get_traceback_data
    c["raising_view_name"] = get_caller(self.request)
                             ~~~~~~~~~~^^^^^^^^^^^^^^
  File "C:\Users\HomePC4r\AppData\Local\Programs\Python\Python313\Lib\site-packages\django\views\debug.py", line 102, in get_caller
    resolver_match = resolve(request.path)
  File "C:\Users\HomePC4r\AppData\Local\Programs\Python\Python313\Lib\site-packages\django\urls\base.py", line 25, in resolve
    return get_resolver(urlconf).resolve(path)
           ~~~~~~~~~~~~~~~~~~~~~~~~~~~~~^^^^^^
  File "C:\Users\HomePC4r\AppData\Local\Programs\Python\Python313\Lib\site-packages\django\urls\resolvers.py", line 666, in resolve
    for pattern in self.url_patterns:
                   ^^^^^^^^^^^^^^^^^
  File "C:\Users\HomePC4r\AppData\Local\Programs\Python\Python313\Lib\site-packages\django\utils\functional.py", line 47, in __get__
    res = instance.__dict__[self.name] = self.func(instance)
                                         ~~~~~~~~~^^^^^^^^^^
  File "C:\Users\HomePC4r\AppData\Local\Programs\Python\Python313\Lib\site-packages\django\urls\resolvers.py", line 718, in url_patterns
    patterns = getattr(self.urlconf_module, "urlpatterns", self.urlconf_module)
                       ^^^^^^^^^^^^^^^^^^^
  File "C:\Users\HomePC4r\AppData\Local\Programs\Python\Python313\Lib\site-packages\django\utils\functional.py", line 47, in __get__
    res = instance.__dict__[self.name] = self.func(instance)
                                         ~~~~~~~~~^^^^^^^^^^
  File "C:\Users\HomePC4r\AppData\Local\Programs\Python\Python313\Lib\site-packages\django\urls\resolvers.py", line 711, in urlconf_module
    return import_module(self.urlconf_name)
  File "C:\Users\HomePC4r\AppData\Local\Programs\Python\Python313\Lib\importlib\__init__.py", line 88, in import_module
    return _bootstrap._gcd_import(name[level:], package, level)
           ~~~~~~~~~~~~~~~~~~~~~~^^^^^^^^^^^^^^^^^^^^^^^^^^^^^^
  File "<frozen importlib._bootstrap>", line 1387, in _gcd_import
  File "<frozen importlib._bootstrap>", line 1360, in _find_and_load
  File "<frozen importlib._bootstrap>", line 1331, in _find_and_load_unlocked
  File "<frozen importlib._bootstrap>", line 935, in _load_unlocked
  File "<frozen importlib._bootstrap_external>", line 1026, in exec_module
  File "<frozen importlib._bootstrap>", line 488, in _call_with_frames_removed
  File "D:\backend_luminan\myproject\urls.py", line 22, in <module>
    path('', include('myapp.urls')),
             ~~~~~~~^^^^^^^^^^^^^^
  File "C:\Users\HomePC4r\AppData\Local\Programs\Python\Python313\Lib\site-packages\django\urls\conf.py", line 39, in include
    urlconf_module = import_module(urlconf_module)
  File "C:\Users\HomePC4r\AppData\Local\Programs\Python\Python313\Lib\importlib\__init__.py", line 88, in import_module
    return _bootstrap._gcd_import(name[level:], package, level)
           ~~~~~~~~~~~~~~~~~~~~~~^^^^^^^^^^^^^^^^^^^^^^^^^^^^^^
  File "<frozen importlib._bootstrap>", line 1387, in _gcd_import
  File "<frozen importlib._bootstrap>", line 1360, in _find_and_load
  File "<frozen importlib._bootstrap>", line 1331, in _find_and_load_unlocked
  File "<frozen importlib._bootstrap>", line 935, in _load_unlocked
  File "<frozen importlib._bootstrap_external>", line 1026, in exec_module
  File "<frozen importlib._bootstrap>", line 488, in _call_with_frames_removed
  File "D:\backend_luminan\myapp\urls.py", line 265, in <module>
AttributeError: module 'myapp.views' has no attribute 'admin_total_sales'
Internal Server Error: /api/admin/orders/
Traceback (most recent call last):
  File "C:\Users\HomePC4r\AppData\Local\Programs\Python\Python313\Lib\site-packages\asgiref\sync.py", line 489, in thread_handler
    raise exc_info[1]
  File "C:\Users\HomePC4r\AppData\Local\Programs\Python\Python313\Lib\site-packages\django\core\handlers\exception.py", line 42, in inner
    response = await get_response(request)
               ^^^^^^^^^^^^^^^^^^^^^^^^^^^
  File "C:\Users\HomePC4r\AppData\Local\Programs\Python\Python313\Lib\site-packages\django\core\handlers\base.py", line 235, in _get_response_async
    callback, callback_args, callback_kwargs = self.resolve_request(request)
                                               ~~~~~~~~~~~~~~~~~~~~^^^^^^^^^
  File "C:\Users\HomePC4r\AppData\Local\Programs\Python\Python313\Lib\site-packages\django\core\handlers\base.py", line 313, in resolve_request
    resolver_match = resolver.resolve(request.path_info)
  File "C:\Users\HomePC4r\AppData\Local\Programs\Python\Python313\Lib\site-packages\django\urls\resolvers.py", line 666, in resolve
    for pattern in self.url_patterns:
                   ^^^^^^^^^^^^^^^^^
  File "C:\Users\HomePC4r\AppData\Local\Programs\Python\Python313\Lib\site-packages\django\utils\functional.py", line 47, in __get__
    res = instance.__dict__[self.name] = self.func(instance)
                                         ~~~~~~~~~^^^^^^^^^^
  File "C:\Users\HomePC4r\AppData\Local\Programs\Python\Python313\Lib\site-packages\django\urls\resolvers.py", line 718, in url_patterns
    patterns = getattr(self.urlconf_module, "urlpatterns", self.urlconf_module)
                       ^^^^^^^^^^^^^^^^^^^
  File "C:\Users\HomePC4r\AppData\Local\Programs\Python\Python313\Lib\site-packages\django\utils\functional.py", line 47, in __get__
    res = instance.__dict__[self.name] = self.func(instance)
                                         ~~~~~~~~~^^^^^^^^^^
  File "C:\Users\HomePC4r\AppData\Local\Programs\Python\Python313\Lib\site-packages\django\urls\resolvers.py", line 711, in urlconf_module
    return import_module(self.urlconf_name)
  File "C:\Users\HomePC4r\AppData\Local\Programs\Python\Python313\Lib\importlib\__init__.py", line 88, in import_module
    return _bootstrap._gcd_import(name[level:], package, level)
           ~~~~~~~~~~~~~~~~~~~~~~^^^^^^^^^^^^^^^^^^^^^^^^^^^^^^
  File "<frozen importlib._bootstrap>", line 1387, in _gcd_import
  File "<frozen importlib._bootstrap>", line 1360, in _find_and_load
  File "<frozen importlib._bootstrap>", line 1331, in _find_and_load_unlocked
  File "<frozen importlib._bootstrap>", line 935, in _load_unlocked
  File "<frozen importlib._bootstrap_external>", line 1026, in exec_module
  File "<frozen importlib._bootstrap>", line 488, in _call_with_frames_removed
  File "D:\backend_luminan\myproject\urls.py", line 22, in <module>
    path('', include('myapp.urls')),
             ~~~~~~~^^^^^^^^^^^^^^
  File "C:\Users\HomePC4r\AppData\Local\Programs\Python\Python313\Lib\site-packages\django\urls\conf.py", line 39, in include
    urlconf_module = import_module(urlconf_module)
  File "C:\Users\HomePC4r\AppData\Local\Programs\Python\Python313\Lib\importlib\__init__.py", line 88, in import_module
    return _bootstrap._gcd_import(name[level:], package, level)
           ~~~~~~~~~~~~~~~~~~~~~~^^^^^^^^^^^^^^^^^^^^^^^^^^^^^^
  File "<frozen importlib._bootstrap>", line 1387, in _gcd_import
  File "<frozen importlib._bootstrap>", line 1360, in _find_and_load
  File "<frozen importlib._bootstrap>", line 1331, in _find_and_load_unlocked
  File "<frozen importlib._bootstrap>", line 935, in _load_unlocked
  File "<frozen importlib._bootstrap_external>", line 1026, in exec_module
  File "<frozen importlib._bootstrap>", line 488, in _call_with_frames_removed
  File "D:\backend_luminan\myapp\urls.py", line 265, in <module>
AttributeError: module 'myapp.views' has no attribute 'admin_total_sales'

During handling of the above exception, another exception occurred:

Traceback (most recent call last):
  File "C:\Users\HomePC4r\AppData\Local\Programs\Python\Python313\Lib\site-packages\asgiref\sync.py", line 489, in thread_handler
    raise exc_info[1]
  File "C:\Users\HomePC4r\AppData\Local\Programs\Python\Python313\Lib\site-packages\django\core\handlers\exception.py", line 42, in inner
    response = await get_response(request)
               ^^^^^^^^^^^^^^^^^^^^^^^^^^^
  File "C:\Users\HomePC4r\AppData\Local\Programs\Python\Python313\Lib\site-packages\django\utils\deprecation.py", line 136, in __acall__
    response = response or await self.get_response(request)
                           ^^^^^^^^^^^^^^^^^^^^^^^^^^^^^^^^
  File "C:\Users\HomePC4r\AppData\Local\Programs\Python\Python313\Lib\site-packages\django\core\handlers\exception.py", line 44, in inner
    response = await sync_to_async(
               ^^^^^^^^^^^^^^^^^^^^
        response_for_exception, thread_sensitive=False
        ^^^^^^^^^^^^^^^^^^^^^^^^^^^^^^^^^^^^^^^^^^^^^^
    )(request, exc)
    ^^^^^^^^^^^^^^^
  File "C:\Users\HomePC4r\AppData\Local\Programs\Python\Python313\Lib\site-packages\asgiref\sync.py", line 439, in __call__
    ret = await asyncio.shield(exec_coro)
          ^^^^^^^^^^^^^^^^^^^^^^^^^^^^^^^
  File "C:\Users\HomePC4r\AppData\Local\Programs\Python\Python313\Lib\concurrent\futures\thread.py", line 59, in run
    result = self.fn(*self.args, **self.kwargs)
  File "C:\Users\HomePC4r\AppData\Local\Programs\Python\Python313\Lib\site-packages\asgiref\sync.py", line 491, in thread_handler
    return func(*args, **kwargs)
  File "C:\Users\HomePC4r\AppData\Local\Programs\Python\Python313\Lib\site-packages\django\core\handlers\exception.py", line 141, in response_for_exception
    response = handle_uncaught_exception(
        request, get_resolver(get_urlconf()), sys.exc_info()
    )
  File "C:\Users\HomePC4r\AppData\Local\Programs\Python\Python313\Lib\site-packages\django\core\handlers\exception.py", line 182, in handle_uncaught_exception
    return debug.technical_500_response(request, *exc_info)
           ~~~~~~~~~~~~~~~~~~~~~~~~~~~~^^^^^^^^^^^^^^^^^^^^
  File "C:\Users\HomePC4r\AppData\Local\Programs\Python\Python313\Lib\site-packages\django\views\debug.py", line 69, in technical_500_response
    html = reporter.get_traceback_html()
  File "C:\Users\HomePC4r\AppData\Local\Programs\Python\Python313\Lib\site-packages\django\views\debug.py", line 428, in get_traceback_html
    c = Context(self.get_traceback_data(), use_l10n=False)
                ~~~~~~~~~~~~~~~~~~~~~~~^^
  File "C:\Users\HomePC4r\AppData\Local\Programs\Python\Python313\Lib\site-packages\django\views\debug.py", line 411, in get_traceback_data
    c["raising_view_name"] = get_caller(self.request)
                             ~~~~~~~~~~^^^^^^^^^^^^^^
  File "C:\Users\HomePC4r\AppData\Local\Programs\Python\Python313\Lib\site-packages\django\views\debug.py", line 102, in get_caller
    resolver_match = resolve(request.path)
  File "C:\Users\HomePC4r\AppData\Local\Programs\Python\Python313\Lib\site-packages\django\urls\base.py", line 25, in resolve
    return get_resolver(urlconf).resolve(path)
           ~~~~~~~~~~~~~~~~~~~~~~~~~~~~~^^^^^^
  File "C:\Users\HomePC4r\AppData\Local\Programs\Python\Python313\Lib\site-packages\django\urls\resolvers.py", line 666, in resolve
    for pattern in self.url_patterns:
                   ^^^^^^^^^^^^^^^^^
  File "C:\Users\HomePC4r\AppData\Local\Programs\Python\Python313\Lib\site-packages\django\utils\functional.py", line 47, in __get__
    res = instance.__dict__[self.name] = self.func(instance)
                                         ~~~~~~~~~^^^^^^^^^^
  File "C:\Users\HomePC4r\AppData\Local\Programs\Python\Python313\Lib\site-packages\django\urls\resolvers.py", line 718, in url_patterns
    patterns = getattr(self.urlconf_module, "urlpatterns", self.urlconf_module)
                       ^^^^^^^^^^^^^^^^^^^
  File "C:\Users\HomePC4r\AppData\Local\Programs\Python\Python313\Lib\site-packages\django\utils\functional.py", line 47, in __get__
    res = instance.__dict__[self.name] = self.func(instance)
                                         ~~~~~~~~~^^^^^^^^^^
  File "C:\Users\HomePC4r\AppData\Local\Programs\Python\Python313\Lib\site-packages\django\urls\resolvers.py", line 711, in urlconf_module
    return import_module(self.urlconf_name)
  File "C:\Users\HomePC4r\AppData\Local\Programs\Python\Python313\Lib\importlib\__init__.py", line 88, in import_module
    return _bootstrap._gcd_import(name[level:], package, level)
           ~~~~~~~~~~~~~~~~~~~~~~^^^^^^^^^^^^^^^^^^^^^^^^^^^^^^
  File "<frozen importlib._bootstrap>", line 1387, in _gcd_import
  File "<frozen importlib._bootstrap>", line 1360, in _find_and_load
  File "<frozen importlib._bootstrap>", line 1331, in _find_and_load_unlocked
  File "<frozen importlib._bootstrap>", line 935, in _load_unlocked
  File "<frozen importlib._bootstrap_external>", line 1026, in exec_module
  File "<frozen importlib._bootstrap>", line 488, in _call_with_frames_removed
  File "D:\backend_luminan\myproject\urls.py", line 22, in <module>
    path('', include('myapp.urls')),
             ~~~~~~~^^^^^^^^^^^^^^
  File "C:\Users\HomePC4r\AppData\Local\Programs\Python\Python313\Lib\site-packages\django\urls\conf.py", line 39, in include
    urlconf_module = import_module(urlconf_module)
  File "C:\Users\HomePC4r\AppData\Local\Programs\Python\Python313\Lib\importlib\__init__.py", line 88, in import_module
    return _bootstrap._gcd_import(name[level:], package, level)
           ~~~~~~~~~~~~~~~~~~~~~~^^^^^^^^^^^^^^^^^^^^^^^^^^^^^^
  File "<frozen importlib._bootstrap>", line 1387, in _gcd_import
  File "<frozen importlib._bootstrap>", line 1360, in _find_and_load
  File "<frozen importlib._bootstrap>", line 1331, in _find_and_load_unlocked
  File "<frozen importlib._bootstrap>", line 935, in _load_unlocked
  File "<frozen importlib._bootstrap_external>", line 1026, in exec_module
  File "<frozen importlib._bootstrap>", line 488, in _call_with_frames_removed
  File "D:\backend_luminan\myapp\urls.py", line 265, in <module>
AttributeError: module 'myapp.views' has no attribute 'admin_total_sales'

During handling of the above exception, another exception occurred:

Traceback (most recent call last):
  File "C:\Users\HomePC4r\AppData\Local\Programs\Python\Python313\Lib\site-packages\asgiref\sync.py", line 489, in thread_handler
    raise exc_info[1]
  File "C:\Users\HomePC4r\AppData\Local\Programs\Python\Python313\Lib\site-packages\django\core\handlers\exception.py", line 42, in inner
    response = await get_response(request)
               ^^^^^^^^^^^^^^^^^^^^^^^^^^^
  File "C:\Users\HomePC4r\AppData\Local\Programs\Python\Python313\Lib\site-packages\django\utils\deprecation.py", line 136, in __acall__
    response = response or await self.get_response(request)
                           ^^^^^^^^^^^^^^^^^^^^^^^^^^^^^^^^
  File "C:\Users\HomePC4r\AppData\Local\Programs\Python\Python313\Lib\site-packages\django\core\handlers\exception.py", line 44, in inner
    response = await sync_to_async(
               ^^^^^^^^^^^^^^^^^^^^
        response_for_exception, thread_sensitive=False
        ^^^^^^^^^^^^^^^^^^^^^^^^^^^^^^^^^^^^^^^^^^^^^^
    )(request, exc)
    ^^^^^^^^^^^^^^^
  File "C:\Users\HomePC4r\AppData\Local\Programs\Python\Python313\Lib\site-packages\asgiref\sync.py", line 439, in __call__
    ret = await asyncio.shield(exec_coro)
          ^^^^^^^^^^^^^^^^^^^^^^^^^^^^^^^
  File "C:\Users\HomePC4r\AppData\Local\Programs\Python\Python313\Lib\concurrent\futures\thread.py", line 59, in run
    result = self.fn(*self.args, **self.kwargs)
  File "C:\Users\HomePC4r\AppData\Local\Programs\Python\Python313\Lib\site-packages\asgiref\sync.py", line 491, in thread_handler
    return func(*args, **kwargs)
  File "C:\Users\HomePC4r\AppData\Local\Programs\Python\Python313\Lib\site-packages\django\core\handlers\exception.py", line 141, in response_for_exception
    response = handle_uncaught_exception(
        request, get_resolver(get_urlconf()), sys.exc_info()
    )
  File "C:\Users\HomePC4r\AppData\Local\Programs\Python\Python313\Lib\site-packages\django\core\handlers\exception.py", line 182, in handle_uncaught_exception
    return debug.technical_500_response(request, *exc_info)
           ~~~~~~~~~~~~~~~~~~~~~~~~~~~~^^^^^^^^^^^^^^^^^^^^
  File "C:\Users\HomePC4r\AppData\Local\Programs\Python\Python313\Lib\site-packages\django\views\debug.py", line 69, in technical_500_response
    html = reporter.get_traceback_html()
  File "C:\Users\HomePC4r\AppData\Local\Programs\Python\Python313\Lib\site-packages\django\views\debug.py", line 428, in get_traceback_html
    c = Context(self.get_traceback_data(), use_l10n=False)
                ~~~~~~~~~~~~~~~~~~~~~~~^^
  File "C:\Users\HomePC4r\AppData\Local\Programs\Python\Python313\Lib\site-packages\django\views\debug.py", line 411, in get_traceback_data
    c["raising_view_name"] = get_caller(self.request)
                             ~~~~~~~~~~^^^^^^^^^^^^^^
  File "C:\Users\HomePC4r\AppData\Local\Programs\Python\Python313\Lib\site-packages\django\views\debug.py", line 102, in get_caller
    resolver_match = resolve(request.path)
  File "C:\Users\HomePC4r\AppData\Local\Programs\Python\Python313\Lib\site-packages\django\urls\base.py", line 25, in resolve
    return get_resolver(urlconf).resolve(path)
           ~~~~~~~~~~~~~~~~~~~~~~~~~~~~~^^^^^^
  File "C:\Users\HomePC4r\AppData\Local\Programs\Python\Python313\Lib\site-packages\django\urls\resolvers.py", line 666, in resolve
    for pattern in self.url_patterns:
                   ^^^^^^^^^^^^^^^^^
  File "C:\Users\HomePC4r\AppData\Local\Programs\Python\Python313\Lib\site-packages\django\utils\functional.py", line 47, in __get__
    res = instance.__dict__[self.name] = self.func(instance)
                                         ~~~~~~~~~^^^^^^^^^^
  File "C:\Users\HomePC4r\AppData\Local\Programs\Python\Python313\Lib\site-packages\django\urls\resolvers.py", line 718, in url_patterns
    patterns = getattr(self.urlconf_module, "urlpatterns", self.urlconf_module)
                       ^^^^^^^^^^^^^^^^^^^
  File "C:\Users\HomePC4r\AppData\Local\Programs\Python\Python313\Lib\site-packages\django\utils\functional.py", line 47, in __get__
    res = instance.__dict__[self.name] = self.func(instance)
                                         ~~~~~~~~~^^^^^^^^^^
  File "C:\Users\HomePC4r\AppData\Local\Programs\Python\Python313\Lib\site-packages\django\urls\resolvers.py", line 711, in urlconf_module
    return import_module(self.urlconf_name)
  File "C:\Users\HomePC4r\AppData\Local\Programs\Python\Python313\Lib\importlib\__init__.py", line 88, in import_module
    return _bootstrap._gcd_import(name[level:], package, level)
           ~~~~~~~~~~~~~~~~~~~~~~^^^^^^^^^^^^^^^^^^^^^^^^^^^^^^
  File "<frozen importlib._bootstrap>", line 1387, in _gcd_import
  File "<frozen importlib._bootstrap>", line 1360, in _find_and_load
  File "<frozen importlib._bootstrap>", line 1331, in _find_and_load_unlocked
  File "<frozen importlib._bootstrap>", line 935, in _load_unlocked
  File "<frozen importlib._bootstrap_external>", line 1026, in exec_module
  File "<frozen importlib._bootstrap>", line 488, in _call_with_frames_removed
  File "D:\backend_luminan\myproject\urls.py", line 22, in <module>
    path('', include('myapp.urls')),
             ~~~~~~~^^^^^^^^^^^^^^
  File "C:\Users\HomePC4r\AppData\Local\Programs\Python\Python313\Lib\site-packages\django\urls\conf.py", line 39, in include
    urlconf_module = import_module(urlconf_module)
  File "C:\Users\HomePC4r\AppData\Local\Programs\Python\Python313\Lib\importlib\__init__.py", line 88, in import_module
    return _bootstrap._gcd_import(name[level:], package, level)
           ~~~~~~~~~~~~~~~~~~~~~~^^^^^^^^^^^^^^^^^^^^^^^^^^^^^^
  File "<frozen importlib._bootstrap>", line 1387, in _gcd_import
  File "<frozen importlib._bootstrap>", line 1360, in _find_and_load
  File "<frozen importlib._bootstrap>", line 1331, in _find_and_load_unlocked
  File "<frozen importlib._bootstrap>", line 935, in _load_unlocked
  File "<frozen importlib._bootstrap_external>", line 1026, in exec_module
  File "<frozen importlib._bootstrap>", line 488, in _call_with_frames_removed
  File "D:\backend_luminan\myapp\urls.py", line 265, in <module>
AttributeError: module 'myapp.views' has no attribute 'admin_total_sales'

During handling of the above exception, another exception occurred:

Traceback (most recent call last):
  File "C:\Users\HomePC4r\AppData\Local\Programs\Python\Python313\Lib\site-packages\asgiref\sync.py", line 489, in thread_handler
    raise exc_info[1]
  File "C:\Users\HomePC4r\AppData\Local\Programs\Python\Python313\Lib\site-packages\django\core\handlers\exception.py", line 42, in inner
    response = await get_response(request)
               ^^^^^^^^^^^^^^^^^^^^^^^^^^^
  File "C:\Users\HomePC4r\AppData\Local\Programs\Python\Python313\Lib\site-packages\django\utils\deprecation.py", line 136, in __acall__
    response = response or await self.get_response(request)
                           ^^^^^^^^^^^^^^^^^^^^^^^^^^^^^^^^
  File "C:\Users\HomePC4r\AppData\Local\Programs\Python\Python313\Lib\site-packages\django\core\handlers\exception.py", line 44, in inner
    response = await sync_to_async(
               ^^^^^^^^^^^^^^^^^^^^
        response_for_exception, thread_sensitive=False
        ^^^^^^^^^^^^^^^^^^^^^^^^^^^^^^^^^^^^^^^^^^^^^^
    )(request, exc)
    ^^^^^^^^^^^^^^^
  File "C:\Users\HomePC4r\AppData\Local\Programs\Python\Python313\Lib\site-packages\asgiref\sync.py", line 439, in __call__
    ret = await asyncio.shield(exec_coro)
          ^^^^^^^^^^^^^^^^^^^^^^^^^^^^^^^
  File "C:\Users\HomePC4r\AppData\Local\Programs\Python\Python313\Lib\concurrent\futures\thread.py", line 59, in run
    result = self.fn(*self.args, **self.kwargs)
  File "C:\Users\HomePC4r\AppData\Local\Programs\Python\Python313\Lib\site-packages\asgiref\sync.py", line 491, in thread_handler
    return func(*args, **kwargs)
  File "C:\Users\HomePC4r\AppData\Local\Programs\Python\Python313\Lib\site-packages\django\core\handlers\exception.py", line 141, in response_for_exception
    response = handle_uncaught_exception(
        request, get_resolver(get_urlconf()), sys.exc_info()
    )
  File "C:\Users\HomePC4r\AppData\Local\Programs\Python\Python313\Lib\site-packages\django\core\handlers\exception.py", line 182, in handle_uncaught_exception
    return debug.technical_500_response(request, *exc_info)
           ~~~~~~~~~~~~~~~~~~~~~~~~~~~~^^^^^^^^^^^^^^^^^^^^
  File "C:\Users\HomePC4r\AppData\Local\Programs\Python\Python313\Lib\site-packages\django\views\debug.py", line 69, in technical_500_response
    html = reporter.get_traceback_html()
  File "C:\Users\HomePC4r\AppData\Local\Programs\Python\Python313\Lib\site-packages\django\views\debug.py", line 428, in get_traceback_html
    c = Context(self.get_traceback_data(), use_l10n=False)
                ~~~~~~~~~~~~~~~~~~~~~~~^^
  File "C:\Users\HomePC4r\AppData\Local\Programs\Python\Python313\Lib\site-packages\django\views\debug.py", line 411, in get_traceback_data
    c["raising_view_name"] = get_caller(self.request)
                             ~~~~~~~~~~^^^^^^^^^^^^^^
  File "C:\Users\HomePC4r\AppData\Local\Programs\Python\Python313\Lib\site-packages\django\views\debug.py", line 102, in get_caller
    resolver_match = resolve(request.path)
  File "C:\Users\HomePC4r\AppData\Local\Programs\Python\Python313\Lib\site-packages\django\urls\base.py", line 25, in resolve
    return get_resolver(urlconf).resolve(path)
           ~~~~~~~~~~~~~~~~~~~~~~~~~~~~~^^^^^^
  File "C:\Users\HomePC4r\AppData\Local\Programs\Python\Python313\Lib\site-packages\django\urls\resolvers.py", line 666, in resolve
    for pattern in self.url_patterns:
                   ^^^^^^^^^^^^^^^^^
  File "C:\Users\HomePC4r\AppData\Local\Programs\Python\Python313\Lib\site-packages\django\utils\functional.py", line 47, in __get__
    res = instance.__dict__[self.name] = self.func(instance)
                                         ~~~~~~~~~^^^^^^^^^^
  File "C:\Users\HomePC4r\AppData\Local\Programs\Python\Python313\Lib\site-packages\django\urls\resolvers.py", line 718, in url_patterns
    patterns = getattr(self.urlconf_module, "urlpatterns", self.urlconf_module)
                       ^^^^^^^^^^^^^^^^^^^
  File "C:\Users\HomePC4r\AppData\Local\Programs\Python\Python313\Lib\site-packages\django\utils\functional.py", line 47, in __get__
    res = instance.__dict__[self.name] = self.func(instance)
                                         ~~~~~~~~~^^^^^^^^^^
  File "C:\Users\HomePC4r\AppData\Local\Programs\Python\Python313\Lib\site-packages\django\urls\resolvers.py", line 711, in urlconf_module
    return import_module(self.urlconf_name)
  File "C:\Users\HomePC4r\AppData\Local\Programs\Python\Python313\Lib\importlib\__init__.py", line 88, in import_module
    return _bootstrap._gcd_import(name[level:], package, level)
           ~~~~~~~~~~~~~~~~~~~~~~^^^^^^^^^^^^^^^^^^^^^^^^^^^^^^
  File "<frozen importlib._bootstrap>", line 1387, in _gcd_import
  File "<frozen importlib._bootstrap>", line 1360, in _find_and_load
  File "<frozen importlib._bootstrap>", line 1331, in _find_and_load_unlocked
  File "<frozen importlib._bootstrap>", line 935, in _load_unlocked
  File "<frozen importlib._bootstrap_external>", line 1026, in exec_module
  File "<frozen importlib._bootstrap>", line 488, in _call_with_frames_removed
  File "D:\backend_luminan\myproject\urls.py", line 22, in <module>
    path('', include('myapp.urls')),
             ~~~~~~~^^^^^^^^^^^^^^
  File "C:\Users\HomePC4r\AppData\Local\Programs\Python\Python313\Lib\site-packages\django\urls\conf.py", line 39, in include
    urlconf_module = import_module(urlconf_module)
  File "C:\Users\HomePC4r\AppData\Local\Programs\Python\Python313\Lib\importlib\__init__.py", line 88, in import_module
    return _bootstrap._gcd_import(name[level:], package, level)
           ~~~~~~~~~~~~~~~~~~~~~~^^^^^^^^^^^^^^^^^^^^^^^^^^^^^^
  File "<frozen importlib._bootstrap>", line 1387, in _gcd_import
  File "<frozen importlib._bootstrap>", line 1360, in _find_and_load
  File "<frozen importlib._bootstrap>", line 1331, in _find_and_load_unlocked
  File "<frozen importlib._bootstrap>", line 935, in _load_unlocked
  File "<frozen importlib._bootstrap_external>", line 1026, in exec_module
  File "<frozen importlib._bootstrap>", line 488, in _call_with_frames_removed
  File "D:\backend_luminan\myapp\urls.py", line 265, in <module>
AttributeError: module 'myapp.views' has no attribute 'admin_total_sales'

During handling of the above exception, another exception occurred:

Traceback (most recent call last):
  File "C:\Users\HomePC4r\AppData\Local\Programs\Python\Python313\Lib\site-packages\asgiref\sync.py", line 489, in thread_handler
    raise exc_info[1]
  File "C:\Users\HomePC4r\AppData\Local\Programs\Python\Python313\Lib\site-packages\django\core\handlers\exception.py", line 42, in inner
    response = await get_response(request)
               ^^^^^^^^^^^^^^^^^^^^^^^^^^^
  File "C:\Users\HomePC4r\AppData\Local\Programs\Python\Python313\Lib\site-packages\django\utils\deprecation.py", line 136, in __acall__
    response = response or await self.get_response(request)
                           ^^^^^^^^^^^^^^^^^^^^^^^^^^^^^^^^
  File "C:\Users\HomePC4r\AppData\Local\Programs\Python\Python313\Lib\site-packages\django\core\handlers\exception.py", line 44, in inner
    response = await sync_to_async(
               ^^^^^^^^^^^^^^^^^^^^
        response_for_exception, thread_sensitive=False
        ^^^^^^^^^^^^^^^^^^^^^^^^^^^^^^^^^^^^^^^^^^^^^^
    )(request, exc)
    ^^^^^^^^^^^^^^^
  File "C:\Users\HomePC4r\AppData\Local\Programs\Python\Python313\Lib\site-packages\asgiref\sync.py", line 439, in __call__
    ret = await asyncio.shield(exec_coro)
          ^^^^^^^^^^^^^^^^^^^^^^^^^^^^^^^
  File "C:\Users\HomePC4r\AppData\Local\Programs\Python\Python313\Lib\concurrent\futures\thread.py", line 59, in run
    result = self.fn(*self.args, **self.kwargs)
  File "C:\Users\HomePC4r\AppData\Local\Programs\Python\Python313\Lib\site-packages\asgiref\sync.py", line 491, in thread_handler
    return func(*args, **kwargs)
  File "C:\Users\HomePC4r\AppData\Local\Programs\Python\Python313\Lib\site-packages\django\core\handlers\exception.py", line 141, in response_for_exception
    response = handle_uncaught_exception(
        request, get_resolver(get_urlconf()), sys.exc_info()
    )
  File "C:\Users\HomePC4r\AppData\Local\Programs\Python\Python313\Lib\site-packages\django\core\handlers\exception.py", line 182, in handle_uncaught_exception
    return debug.technical_500_response(request, *exc_info)
           ~~~~~~~~~~~~~~~~~~~~~~~~~~~~^^^^^^^^^^^^^^^^^^^^
  File "C:\Users\HomePC4r\AppData\Local\Programs\Python\Python313\Lib\site-packages\django\views\debug.py", line 69, in technical_500_response
    html = reporter.get_traceback_html()
  File "C:\Users\HomePC4r\AppData\Local\Programs\Python\Python313\Lib\site-packages\django\views\debug.py", line 428, in get_traceback_html
    c = Context(self.get_traceback_data(), use_l10n=False)
                ~~~~~~~~~~~~~~~~~~~~~~~^^
  File "C:\Users\HomePC4r\AppData\Local\Programs\Python\Python313\Lib\site-packages\django\views\debug.py", line 411, in get_traceback_data
    c["raising_view_name"] = get_caller(self.request)
                             ~~~~~~~~~~^^^^^^^^^^^^^^
  File "C:\Users\HomePC4r\AppData\Local\Programs\Python\Python313\Lib\site-packages\django\views\debug.py", line 102, in get_caller
    resolver_match = resolve(request.path)
  File "C:\Users\HomePC4r\AppData\Local\Programs\Python\Python313\Lib\site-packages\django\urls\base.py", line 25, in resolve
    return get_resolver(urlconf).resolve(path)
           ~~~~~~~~~~~~~~~~~~~~~~~~~~~~~^^^^^^
  File "C:\Users\HomePC4r\AppData\Local\Programs\Python\Python313\Lib\site-packages\django\urls\resolvers.py", line 666, in resolve
    for pattern in self.url_patterns:
                   ^^^^^^^^^^^^^^^^^
  File "C:\Users\HomePC4r\AppData\Local\Programs\Python\Python313\Lib\site-packages\django\utils\functional.py", line 47, in __get__
    res = instance.__dict__[self.name] = self.func(instance)
                                         ~~~~~~~~~^^^^^^^^^^
  File "C:\Users\HomePC4r\AppData\Local\Programs\Python\Python313\Lib\site-packages\django\urls\resolvers.py", line 718, in url_patterns
    patterns = getattr(self.urlconf_module, "urlpatterns", self.urlconf_module)
                       ^^^^^^^^^^^^^^^^^^^
  File "C:\Users\HomePC4r\AppData\Local\Programs\Python\Python313\Lib\site-packages\django\utils\functional.py", line 47, in __get__
    res = instance.__dict__[self.name] = self.func(instance)
                                         ~~~~~~~~~^^^^^^^^^^
  File "C:\Users\HomePC4r\AppData\Local\Programs\Python\Python313\Lib\site-packages\django\urls\resolvers.py", line 711, in urlconf_module
    return import_module(self.urlconf_name)
  File "C:\Users\HomePC4r\AppData\Local\Programs\Python\Python313\Lib\importlib\__init__.py", line 88, in import_module
    return _bootstrap._gcd_import(name[level:], package, level)
           ~~~~~~~~~~~~~~~~~~~~~~^^^^^^^^^^^^^^^^^^^^^^^^^^^^^^
  File "<frozen importlib._bootstrap>", line 1387, in _gcd_import
  File "<frozen importlib._bootstrap>", line 1360, in _find_and_load
  File "<frozen importlib._bootstrap>", line 1331, in _find_and_load_unlocked
  File "<frozen importlib._bootstrap>", line 935, in _load_unlocked
  File "<frozen importlib._bootstrap_external>", line 1026, in exec_module
  File "<frozen importlib._bootstrap>", line 488, in _call_with_frames_removed
  File "D:\backend_luminan\myproject\urls.py", line 22, in <module>
    path('', include('myapp.urls')),
             ~~~~~~~^^^^^^^^^^^^^^
  File "C:\Users\HomePC4r\AppData\Local\Programs\Python\Python313\Lib\site-packages\django\urls\conf.py", line 39, in include
    urlconf_module = import_module(urlconf_module)
  File "C:\Users\HomePC4r\AppData\Local\Programs\Python\Python313\Lib\importlib\__init__.py", line 88, in import_module
    return _bootstrap._gcd_import(name[level:], package, level)
           ~~~~~~~~~~~~~~~~~~~~~~^^^^^^^^^^^^^^^^^^^^^^^^^^^^^^
  File "<frozen importlib._bootstrap>", line 1387, in _gcd_import
  File "<frozen importlib._bootstrap>", line 1360, in _find_and_load
  File "<frozen importlib._bootstrap>", line 1331, in _find_and_load_unlocked
  File "<frozen importlib._bootstrap>", line 935, in _load_unlocked
  File "<frozen importlib._bootstrap_external>", line 1026, in exec_module
  File "<frozen importlib._bootstrap>", line 488, in _call_with_frames_removed
  File "D:\backend_luminan\myapp\urls.py", line 265, in <module>
AttributeError: module 'myapp.views' has no attribute 'admin_total_sales'
Internal Server Error: /api/admin/orders/revenue/
Traceback (most recent call last):
  File "C:\Users\HomePC4r\AppData\Local\Programs\Python\Python313\Lib\site-packages\asgiref\sync.py", line 489, in thread_handler
    raise exc_info[1]
  File "C:\Users\HomePC4r\AppData\Local\Programs\Python\Python313\Lib\site-packages\django\core\handlers\exception.py", line 42, in inner
    response = await get_response(request)
               ^^^^^^^^^^^^^^^^^^^^^^^^^^^
  File "C:\Users\HomePC4r\AppData\Local\Programs\Python\Python313\Lib\site-packages\django\core\handlers\base.py", line 235, in _get_response_async
    callback, callback_args, callback_kwargs = self.resolve_request(request)
                                               ~~~~~~~~~~~~~~~~~~~~^^^^^^^^^
  File "C:\Users\HomePC4r\AppData\Local\Programs\Python\Python313\Lib\site-packages\django\core\handlers\base.py", line 313, in resolve_request
    resolver_match = resolver.resolve(request.path_info)
  File "C:\Users\HomePC4r\AppData\Local\Programs\Python\Python313\Lib\site-packages\django\urls\resolvers.py", line 666, in resolve
    for pattern in self.url_patterns:
                   ^^^^^^^^^^^^^^^^^
  File "C:\Users\HomePC4r\AppData\Local\Programs\Python\Python313\Lib\site-packages\django\utils\functional.py", line 47, in __get__
    res = instance.__dict__[self.name] = self.func(instance)
                                         ~~~~~~~~~^^^^^^^^^^
  File "C:\Users\HomePC4r\AppData\Local\Programs\Python\Python313\Lib\site-packages\django\urls\resolvers.py", line 718, in url_patterns
    patterns = getattr(self.urlconf_module, "urlpatterns", self.urlconf_module)
                       ^^^^^^^^^^^^^^^^^^^
  File "C:\Users\HomePC4r\AppData\Local\Programs\Python\Python313\Lib\site-packages\django\utils\functional.py", line 47, in __get__
    res = instance.__dict__[self.name] = self.func(instance)
                                         ~~~~~~~~~^^^^^^^^^^
  File "C:\Users\HomePC4r\AppData\Local\Programs\Python\Python313\Lib\site-packages\django\urls\resolvers.py", line 711, in urlconf_module
    return import_module(self.urlconf_name)
  File "C:\Users\HomePC4r\AppData\Local\Programs\Python\Python313\Lib\importlib\__init__.py", line 88, in import_module
    return _bootstrap._gcd_import(name[level:], package, level)
           ~~~~~~~~~~~~~~~~~~~~~~^^^^^^^^^^^^^^^^^^^^^^^^^^^^^^
  File "<frozen importlib._bootstrap>", line 1387, in _gcd_import
  File "<frozen importlib._bootstrap>", line 1360, in _find_and_load
  File "<frozen importlib._bootstrap>", line 1331, in _find_and_load_unlocked
  File "<frozen importlib._bootstrap>", line 935, in _load_unlocked
  File "<frozen importlib._bootstrap_external>", line 1026, in exec_module
  File "<frozen importlib._bootstrap>", line 488, in _call_with_frames_removed
  File "D:\backend_luminan\myproject\urls.py", line 22, in <module>
    path('', include('myapp.urls')),
             ~~~~~~~^^^^^^^^^^^^^^
  File "C:\Users\HomePC4r\AppData\Local\Programs\Python\Python313\Lib\site-packages\django\urls\conf.py", line 39, in include
    urlconf_module = import_module(urlconf_module)
  File "C:\Users\HomePC4r\AppData\Local\Programs\Python\Python313\Lib\importlib\__init__.py", line 88, in import_module
    return _bootstrap._gcd_import(name[level:], package, level)
           ~~~~~~~~~~~~~~~~~~~~~~^^^^^^^^^^^^^^^^^^^^^^^^^^^^^^
  File "<frozen importlib._bootstrap>", line 1387, in _gcd_import
  File "<frozen importlib._bootstrap>", line 1360, in _find_and_load
  File "<frozen importlib._bootstrap>", line 1331, in _find_and_load_unlocked
  File "<frozen importlib._bootstrap>", line 935, in _load_unlocked
  File "<frozen importlib._bootstrap_external>", line 1026, in exec_module
  File "<frozen importlib._bootstrap>", line 488, in _call_with_frames_removed
  File "D:\backend_luminan\myapp\urls.py", line 265, in <module>
AttributeError: module 'myapp.views' has no attribute 'admin_total_sales'

During handling of the above exception, another exception occurred:

Traceback (most recent call last):
  File "C:\Users\HomePC4r\AppData\Local\Programs\Python\Python313\Lib\site-packages\asgiref\sync.py", line 489, in thread_handler
    raise exc_info[1]
  File "C:\Users\HomePC4r\AppData\Local\Programs\Python\Python313\Lib\site-packages\django\core\handlers\exception.py", line 42, in inner
    response = await get_response(request)
               ^^^^^^^^^^^^^^^^^^^^^^^^^^^
  File "C:\Users\HomePC4r\AppData\Local\Programs\Python\Python313\Lib\site-packages\django\utils\deprecation.py", line 136, in __acall__
    response = response or await self.get_response(request)
                           ^^^^^^^^^^^^^^^^^^^^^^^^^^^^^^^^
  File "C:\Users\HomePC4r\AppData\Local\Programs\Python\Python313\Lib\site-packages\django\core\handlers\exception.py", line 44, in inner
    response = await sync_to_async(
               ^^^^^^^^^^^^^^^^^^^^
        response_for_exception, thread_sensitive=False
        ^^^^^^^^^^^^^^^^^^^^^^^^^^^^^^^^^^^^^^^^^^^^^^
    )(request, exc)
    ^^^^^^^^^^^^^^^
  File "C:\Users\HomePC4r\AppData\Local\Programs\Python\Python313\Lib\site-packages\asgiref\sync.py", line 439, in __call__
    ret = await asyncio.shield(exec_coro)
          ^^^^^^^^^^^^^^^^^^^^^^^^^^^^^^^
  File "C:\Users\HomePC4r\AppData\Local\Programs\Python\Python313\Lib\concurrent\futures\thread.py", line 59, in run
    result = self.fn(*self.args, **self.kwargs)
  File "C:\Users\HomePC4r\AppData\Local\Programs\Python\Python313\Lib\site-packages\asgiref\sync.py", line 491, in thread_handler
    return func(*args, **kwargs)
  File "C:\Users\HomePC4r\AppData\Local\Programs\Python\Python313\Lib\site-packages\django\core\handlers\exception.py", line 141, in response_for_exception
    response = handle_uncaught_exception(
        request, get_resolver(get_urlconf()), sys.exc_info()
    )
  File "C:\Users\HomePC4r\AppData\Local\Programs\Python\Python313\Lib\site-packages\django\core\handlers\exception.py", line 182, in handle_uncaught_exception
    return debug.technical_500_response(request, *exc_info)
           ~~~~~~~~~~~~~~~~~~~~~~~~~~~~^^^^^^^^^^^^^^^^^^^^
  File "C:\Users\HomePC4r\AppData\Local\Programs\Python\Python313\Lib\site-packages\django\views\debug.py", line 69, in technical_500_response
    html = reporter.get_traceback_html()
  File "C:\Users\HomePC4r\AppData\Local\Programs\Python\Python313\Lib\site-packages\django\views\debug.py", line 428, in get_traceback_html
    c = Context(self.get_traceback_data(), use_l10n=False)
                ~~~~~~~~~~~~~~~~~~~~~~~^^
  File "C:\Users\HomePC4r\AppData\Local\Programs\Python\Python313\Lib\site-packages\django\views\debug.py", line 411, in get_traceback_data
    c["raising_view_name"] = get_caller(self.request)
                             ~~~~~~~~~~^^^^^^^^^^^^^^
  File "C:\Users\HomePC4r\AppData\Local\Programs\Python\Python313\Lib\site-packages\django\views\debug.py", line 102, in get_caller
    resolver_match = resolve(request.path)
  File "C:\Users\HomePC4r\AppData\Local\Programs\Python\Python313\Lib\site-packages\django\urls\base.py", line 25, in resolve
    return get_resolver(urlconf).resolve(path)
           ~~~~~~~~~~~~~~~~~~~~~~~~~~~~~^^^^^^
  File "C:\Users\HomePC4r\AppData\Local\Programs\Python\Python313\Lib\site-packages\django\urls\resolvers.py", line 666, in resolve
    for pattern in self.url_patterns:
                   ^^^^^^^^^^^^^^^^^
  File "C:\Users\HomePC4r\AppData\Local\Programs\Python\Python313\Lib\site-packages\django\utils\functional.py", line 47, in __get__
    res = instance.__dict__[self.name] = self.func(instance)
                                         ~~~~~~~~~^^^^^^^^^^
  File "C:\Users\HomePC4r\AppData\Local\Programs\Python\Python313\Lib\site-packages\django\urls\resolvers.py", line 718, in url_patterns
    patterns = getattr(self.urlconf_module, "urlpatterns", self.urlconf_module)
                       ^^^^^^^^^^^^^^^^^^^
  File "C:\Users\HomePC4r\AppData\Local\Programs\Python\Python313\Lib\site-packages\django\utils\functional.py", line 47, in __get__
    res = instance.__dict__[self.name] = self.func(instance)
                                         ~~~~~~~~~^^^^^^^^^^
  File "C:\Users\HomePC4r\AppData\Local\Programs\Python\Python313\Lib\site-packages\django\urls\resolvers.py", line 711, in urlconf_module
    return import_module(self.urlconf_name)
  File "C:\Users\HomePC4r\AppData\Local\Programs\Python\Python313\Lib\importlib\__init__.py", line 88, in import_module
    return _bootstrap._gcd_import(name[level:], package, level)
           ~~~~~~~~~~~~~~~~~~~~~~^^^^^^^^^^^^^^^^^^^^^^^^^^^^^^
  File "<frozen importlib._bootstrap>", line 1387, in _gcd_import
  File "<frozen importlib._bootstrap>", line 1360, in _find_and_load
  File "<frozen importlib._bootstrap>", line 1331, in _find_and_load_unlocked
  File "<frozen importlib._bootstrap>", line 935, in _load_unlocked
  File "<frozen importlib._bootstrap_external>", line 1026, in exec_module
  File "<frozen importlib._bootstrap>", line 488, in _call_with_frames_removed
  File "D:\backend_luminan\myproject\urls.py", line 22, in <module>
    path('', include('myapp.urls')),
             ~~~~~~~^^^^^^^^^^^^^^
  File "C:\Users\HomePC4r\AppData\Local\Programs\Python\Python313\Lib\site-packages\django\urls\conf.py", line 39, in include
    urlconf_module = import_module(urlconf_module)
  File "C:\Users\HomePC4r\AppData\Local\Programs\Python\Python313\Lib\importlib\__init__.py", line 88, in import_module
    return _bootstrap._gcd_import(name[level:], package, level)
           ~~~~~~~~~~~~~~~~~~~~~~^^^^^^^^^^^^^^^^^^^^^^^^^^^^^^
  File "<frozen importlib._bootstrap>", line 1387, in _gcd_import
  File "<frozen importlib._bootstrap>", line 1360, in _find_and_load
  File "<frozen importlib._bootstrap>", line 1331, in _find_and_load_unlocked
  File "<frozen importlib._bootstrap>", line 935, in _load_unlocked
  File "<frozen importlib._bootstrap_external>", line 1026, in exec_module
  File "<frozen importlib._bootstrap>", line 488, in _call_with_frames_removed
  File "D:\backend_luminan\myapp\urls.py", line 265, in <module>
AttributeError: module 'myapp.views' has no attribute 'admin_total_sales'

During handling of the above exception, another exception occurred:

Traceback (most recent call last):
  File "C:\Users\HomePC4r\AppData\Local\Programs\Python\Python313\Lib\site-packages\asgiref\sync.py", line 489, in thread_handler
    raise exc_info[1]
  File "C:\Users\HomePC4r\AppData\Local\Programs\Python\Python313\Lib\site-packages\django\core\handlers\exception.py", line 42, in inner
    response = await get_response(request)
               ^^^^^^^^^^^^^^^^^^^^^^^^^^^
  File "C:\Users\HomePC4r\AppData\Local\Programs\Python\Python313\Lib\site-packages\django\utils\deprecation.py", line 136, in __acall__
    response = response or await self.get_response(request)
                           ^^^^^^^^^^^^^^^^^^^^^^^^^^^^^^^^
  File "C:\Users\HomePC4r\AppData\Local\Programs\Python\Python313\Lib\site-packages\django\core\handlers\exception.py", line 44, in inner
    response = await sync_to_async(
               ^^^^^^^^^^^^^^^^^^^^
        response_for_exception, thread_sensitive=False
        ^^^^^^^^^^^^^^^^^^^^^^^^^^^^^^^^^^^^^^^^^^^^^^
    )(request, exc)
    ^^^^^^^^^^^^^^^
  File "C:\Users\HomePC4r\AppData\Local\Programs\Python\Python313\Lib\site-packages\asgiref\sync.py", line 439, in __call__
    ret = await asyncio.shield(exec_coro)
          ^^^^^^^^^^^^^^^^^^^^^^^^^^^^^^^
  File "C:\Users\HomePC4r\AppData\Local\Programs\Python\Python313\Lib\concurrent\futures\thread.py", line 59, in run
    result = self.fn(*self.args, **self.kwargs)
  File "C:\Users\HomePC4r\AppData\Local\Programs\Python\Python313\Lib\site-packages\asgiref\sync.py", line 491, in thread_handler
    return func(*args, **kwargs)
  File "C:\Users\HomePC4r\AppData\Local\Programs\Python\Python313\Lib\site-packages\django\core\handlers\exception.py", line 141, in response_for_exception
    response = handle_uncaught_exception(
        request, get_resolver(get_urlconf()), sys.exc_info()
    )
  File "C:\Users\HomePC4r\AppData\Local\Programs\Python\Python313\Lib\site-packages\django\core\handlers\exception.py", line 182, in handle_uncaught_exception
    return debug.technical_500_response(request, *exc_info)
           ~~~~~~~~~~~~~~~~~~~~~~~~~~~~^^^^^^^^^^^^^^^^^^^^
  File "C:\Users\HomePC4r\AppData\Local\Programs\Python\Python313\Lib\site-packages\django\views\debug.py", line 69, in technical_500_response
    html = reporter.get_traceback_html()
  File "C:\Users\HomePC4r\AppData\Local\Programs\Python\Python313\Lib\site-packages\django\views\debug.py", line 428, in get_traceback_html
    c = Context(self.get_traceback_data(), use_l10n=False)
                ~~~~~~~~~~~~~~~~~~~~~~~^^
  File "C:\Users\HomePC4r\AppData\Local\Programs\Python\Python313\Lib\site-packages\django\views\debug.py", line 411, in get_traceback_data
    c["raising_view_name"] = get_caller(self.request)
                             ~~~~~~~~~~^^^^^^^^^^^^^^
  File "C:\Users\HomePC4r\AppData\Local\Programs\Python\Python313\Lib\site-packages\django\views\debug.py", line 102, in get_caller
    resolver_match = resolve(request.path)
  File "C:\Users\HomePC4r\AppData\Local\Programs\Python\Python313\Lib\site-packages\django\urls\base.py", line 25, in resolve
    return get_resolver(urlconf).resolve(path)
           ~~~~~~~~~~~~~~~~~~~~~~~~~~~~~^^^^^^
  File "C:\Users\HomePC4r\AppData\Local\Programs\Python\Python313\Lib\site-packages\django\urls\resolvers.py", line 666, in resolve
    for pattern in self.url_patterns:
                   ^^^^^^^^^^^^^^^^^
  File "C:\Users\HomePC4r\AppData\Local\Programs\Python\Python313\Lib\site-packages\django\utils\functional.py", line 47, in __get__
    res = instance.__dict__[self.name] = self.func(instance)
                                         ~~~~~~~~~^^^^^^^^^^
  File "C:\Users\HomePC4r\AppData\Local\Programs\Python\Python313\Lib\site-packages\django\urls\resolvers.py", line 718, in url_patterns
    patterns = getattr(self.urlconf_module, "urlpatterns", self.urlconf_module)
                       ^^^^^^^^^^^^^^^^^^^
  File "C:\Users\HomePC4r\AppData\Local\Programs\Python\Python313\Lib\site-packages\django\utils\functional.py", line 47, in __get__
    res = instance.__dict__[self.name] = self.func(instance)
                                         ~~~~~~~~~^^^^^^^^^^
  File "C:\Users\HomePC4r\AppData\Local\Programs\Python\Python313\Lib\site-packages\django\urls\resolvers.py", line 711, in urlconf_module
    return import_module(self.urlconf_name)
  File "C:\Users\HomePC4r\AppData\Local\Programs\Python\Python313\Lib\importlib\__init__.py", line 88, in import_module
    return _bootstrap._gcd_import(name[level:], package, level)
           ~~~~~~~~~~~~~~~~~~~~~~^^^^^^^^^^^^^^^^^^^^^^^^^^^^^^
  File "<frozen importlib._bootstrap>", line 1387, in _gcd_import
  File "<frozen importlib._bootstrap>", line 1360, in _find_and_load
  File "<frozen importlib._bootstrap>", line 1331, in _find_and_load_unlocked
  File "<frozen importlib._bootstrap>", line 935, in _load_unlocked
  File "<frozen importlib._bootstrap_external>", line 1026, in exec_module
  File "<frozen importlib._bootstrap>", line 488, in _call_with_frames_removed
  File "D:\backend_luminan\myproject\urls.py", line 22, in <module>
    path('', include('myapp.urls')),
             ~~~~~~~^^^^^^^^^^^^^^
  File "C:\Users\HomePC4r\AppData\Local\Programs\Python\Python313\Lib\site-packages\django\urls\conf.py", line 39, in include
    urlconf_module = import_module(urlconf_module)
  File "C:\Users\HomePC4r\AppData\Local\Programs\Python\Python313\Lib\importlib\__init__.py", line 88, in import_module
    return _bootstrap._gcd_import(name[level:], package, level)
           ~~~~~~~~~~~~~~~~~~~~~~^^^^^^^^^^^^^^^^^^^^^^^^^^^^^^
  File "<frozen importlib._bootstrap>", line 1387, in _gcd_import
  File "<frozen importlib._bootstrap>", line 1360, in _find_and_load
  File "<frozen importlib._bootstrap>", line 1331, in _find_and_load_unlocked
  File "<frozen importlib._bootstrap>", line 935, in _load_unlocked
  File "<frozen importlib._bootstrap_external>", line 1026, in exec_module
  File "<frozen importlib._bootstrap>", line 488, in _call_with_frames_removed
  File "D:\backend_luminan\myapp\urls.py", line 265, in <module>
AttributeError: module 'myapp.views' has no attribute 'admin_total_sales'

During handling of the above exception, another exception occurred:

Traceback (most recent call last):
  File "C:\Users\HomePC4r\AppData\Local\Programs\Python\Python313\Lib\site-packages\asgiref\sync.py", line 489, in thread_handler
    raise exc_info[1]
  File "C:\Users\HomePC4r\AppData\Local\Programs\Python\Python313\Lib\site-packages\django\core\handlers\exception.py", line 42, in inner
    response = await get_response(request)
               ^^^^^^^^^^^^^^^^^^^^^^^^^^^
  File "C:\Users\HomePC4r\AppData\Local\Programs\Python\Python313\Lib\site-packages\django\utils\deprecation.py", line 136, in __acall__
    response = response or await self.get_response(request)
                           ^^^^^^^^^^^^^^^^^^^^^^^^^^^^^^^^
  File "C:\Users\HomePC4r\AppData\Local\Programs\Python\Python313\Lib\site-packages\django\core\handlers\exception.py", line 44, in inner
    response = await sync_to_async(
               ^^^^^^^^^^^^^^^^^^^^
        response_for_exception, thread_sensitive=False
        ^^^^^^^^^^^^^^^^^^^^^^^^^^^^^^^^^^^^^^^^^^^^^^
    )(request, exc)
    ^^^^^^^^^^^^^^^
  File "C:\Users\HomePC4r\AppData\Local\Programs\Python\Python313\Lib\site-packages\asgiref\sync.py", line 439, in __call__
    ret = await asyncio.shield(exec_coro)
          ^^^^^^^^^^^^^^^^^^^^^^^^^^^^^^^
  File "C:\Users\HomePC4r\AppData\Local\Programs\Python\Python313\Lib\concurrent\futures\thread.py", line 59, in run
    result = self.fn(*self.args, **self.kwargs)
  File "C:\Users\HomePC4r\AppData\Local\Programs\Python\Python313\Lib\site-packages\asgiref\sync.py", line 491, in thread_handler
    return func(*args, **kwargs)
  File "C:\Users\HomePC4r\AppData\Local\Programs\Python\Python313\Lib\site-packages\django\core\handlers\exception.py", line 141, in response_for_exception
    response = handle_uncaught_exception(
        request, get_resolver(get_urlconf()), sys.exc_info()
    )
  File "C:\Users\HomePC4r\AppData\Local\Programs\Python\Python313\Lib\site-packages\django\core\handlers\exception.py", line 182, in handle_uncaught_exception
    return debug.technical_500_response(request, *exc_info)
           ~~~~~~~~~~~~~~~~~~~~~~~~~~~~^^^^^^^^^^^^^^^^^^^^
  File "C:\Users\HomePC4r\AppData\Local\Programs\Python\Python313\Lib\site-packages\django\views\debug.py", line 69, in technical_500_response
    html = reporter.get_traceback_html()
  File "C:\Users\HomePC4r\AppData\Local\Programs\Python\Python313\Lib\site-packages\django\views\debug.py", line 428, in get_traceback_html
    c = Context(self.get_traceback_data(), use_l10n=False)
                ~~~~~~~~~~~~~~~~~~~~~~~^^
  File "C:\Users\HomePC4r\AppData\Local\Programs\Python\Python313\Lib\site-packages\django\views\debug.py", line 411, in get_traceback_data
    c["raising_view_name"] = get_caller(self.request)
                             ~~~~~~~~~~^^^^^^^^^^^^^^
  File "C:\Users\HomePC4r\AppData\Local\Programs\Python\Python313\Lib\site-packages\django\views\debug.py", line 102, in get_caller
    resolver_match = resolve(request.path)
  File "C:\Users\HomePC4r\AppData\Local\Programs\Python\Python313\Lib\site-packages\django\urls\base.py", line 25, in resolve
    return get_resolver(urlconf).resolve(path)
           ~~~~~~~~~~~~~~~~~~~~~~~~~~~~~^^^^^^
  File "C:\Users\HomePC4r\AppData\Local\Programs\Python\Python313\Lib\site-packages\django\urls\resolvers.py", line 666, in resolve
    for pattern in self.url_patterns:
                   ^^^^^^^^^^^^^^^^^
  File "C:\Users\HomePC4r\AppData\Local\Programs\Python\Python313\Lib\site-packages\django\utils\functional.py", line 47, in __get__
    res = instance.__dict__[self.name] = self.func(instance)
                                         ~~~~~~~~~^^^^^^^^^^
  File "C:\Users\HomePC4r\AppData\Local\Programs\Python\Python313\Lib\site-packages\django\urls\resolvers.py", line 718, in url_patterns
    patterns = getattr(self.urlconf_module, "urlpatterns", self.urlconf_module)
                       ^^^^^^^^^^^^^^^^^^^
  File "C:\Users\HomePC4r\AppData\Local\Programs\Python\Python313\Lib\site-packages\django\utils\functional.py", line 47, in __get__
    res = instance.__dict__[self.name] = self.func(instance)
                                         ~~~~~~~~~^^^^^^^^^^
  File "C:\Users\HomePC4r\AppData\Local\Programs\Python\Python313\Lib\site-packages\django\urls\resolvers.py", line 711, in urlconf_module
    return import_module(self.urlconf_name)
  File "C:\Users\HomePC4r\AppData\Local\Programs\Python\Python313\Lib\importlib\__init__.py", line 88, in import_module
    return _bootstrap._gcd_import(name[level:], package, level)
           ~~~~~~~~~~~~~~~~~~~~~~^^^^^^^^^^^^^^^^^^^^^^^^^^^^^^
  File "<frozen importlib._bootstrap>", line 1387, in _gcd_import
  File "<frozen importlib._bootstrap>", line 1360, in _find_and_load
  File "<frozen importlib._bootstrap>", line 1331, in _find_and_load_unlocked
  File "<frozen importlib._bootstrap>", line 935, in _load_unlocked
  File "<frozen importlib._bootstrap_external>", line 1026, in exec_module
  File "<frozen importlib._bootstrap>", line 488, in _call_with_frames_removed
  File "D:\backend_luminan\myproject\urls.py", line 22, in <module>
    path('', include('myapp.urls')),
             ~~~~~~~^^^^^^^^^^^^^^
  File "C:\Users\HomePC4r\AppData\Local\Programs\Python\Python313\Lib\site-packages\django\urls\conf.py", line 39, in include
    urlconf_module = import_module(urlconf_module)
  File "C:\Users\HomePC4r\AppData\Local\Programs\Python\Python313\Lib\importlib\__init__.py", line 88, in import_module
    return _bootstrap._gcd_import(name[level:], package, level)
           ~~~~~~~~~~~~~~~~~~~~~~^^^^^^^^^^^^^^^^^^^^^^^^^^^^^^
  File "<frozen importlib._bootstrap>", line 1387, in _gcd_import
  File "<frozen importlib._bootstrap>", line 1360, in _find_and_load
  File "<frozen importlib._bootstrap>", line 1331, in _find_and_load_unlocked
  File "<frozen importlib._bootstrap>", line 935, in _load_unlocked
  File "<frozen importlib._bootstrap_external>", line 1026, in exec_module
  File "<frozen importlib._bootstrap>", line 488, in _call_with_frames_removed
  File "D:\backend_luminan\myapp\urls.py", line 265, in <module>
AttributeError: module 'myapp.views' has no attribute 'admin_total_sales'

During handling of the above exception, another exception occurred:

Traceback (most recent call last):
  File "C:\Users\HomePC4r\AppData\Local\Programs\Python\Python313\Lib\site-packages\asgiref\sync.py", line 489, in thread_handler
    raise exc_info[1]
  File "C:\Users\HomePC4r\AppData\Local\Programs\Python\Python313\Lib\site-packages\django\core\handlers\exception.py", line 42, in inner
    response = await get_response(request)
               ^^^^^^^^^^^^^^^^^^^^^^^^^^^
  File "C:\Users\HomePC4r\AppData\Local\Programs\Python\Python313\Lib\site-packages\django\utils\deprecation.py", line 136, in __acall__
    response = response or await self.get_response(request)
                           ^^^^^^^^^^^^^^^^^^^^^^^^^^^^^^^^
  File "C:\Users\HomePC4r\AppData\Local\Programs\Python\Python313\Lib\site-packages\django\core\handlers\exception.py", line 44, in inner
    response = await sync_to_async(
               ^^^^^^^^^^^^^^^^^^^^
        response_for_exception, thread_sensitive=False
        ^^^^^^^^^^^^^^^^^^^^^^^^^^^^^^^^^^^^^^^^^^^^^^
    )(request, exc)
    ^^^^^^^^^^^^^^^
  File "C:\Users\HomePC4r\AppData\Local\Programs\Python\Python313\Lib\site-packages\asgiref\sync.py", line 439, in __call__
    ret = await asyncio.shield(exec_coro)
          ^^^^^^^^^^^^^^^^^^^^^^^^^^^^^^^
  File "C:\Users\HomePC4r\AppData\Local\Programs\Python\Python313\Lib\concurrent\futures\thread.py", line 59, in run
    result = self.fn(*self.args, **self.kwargs)
  File "C:\Users\HomePC4r\AppData\Local\Programs\Python\Python313\Lib\site-packages\asgiref\sync.py", line 491, in thread_handler
    return func(*args, **kwargs)
  File "C:\Users\HomePC4r\AppData\Local\Programs\Python\Python313\Lib\site-packages\django\core\handlers\exception.py", line 141, in response_for_exception
    response = handle_uncaught_exception(
        request, get_resolver(get_urlconf()), sys.exc_info()
    )
  File "C:\Users\HomePC4r\AppData\Local\Programs\Python\Python313\Lib\site-packages\django\core\handlers\exception.py", line 182, in handle_uncaught_exception
    return debug.technical_500_response(request, *exc_info)
           ~~~~~~~~~~~~~~~~~~~~~~~~~~~~^^^^^^^^^^^^^^^^^^^^
  File "C:\Users\HomePC4r\AppData\Local\Programs\Python\Python313\Lib\site-packages\django\views\debug.py", line 69, in technical_500_response
    html = reporter.get_traceback_html()
  File "C:\Users\HomePC4r\AppData\Local\Programs\Python\Python313\Lib\site-packages\django\views\debug.py", line 428, in get_traceback_html
    c = Context(self.get_traceback_data(), use_l10n=False)
                ~~~~~~~~~~~~~~~~~~~~~~~^^
  File "C:\Users\HomePC4r\AppData\Local\Programs\Python\Python313\Lib\site-packages\django\views\debug.py", line 411, in get_traceback_data
    c["raising_view_name"] = get_caller(self.request)
                             ~~~~~~~~~~^^^^^^^^^^^^^^
  File "C:\Users\HomePC4r\AppData\Local\Programs\Python\Python313\Lib\site-packages\django\views\debug.py", line 102, in get_caller
    resolver_match = resolve(request.path)
  File "C:\Users\HomePC4r\AppData\Local\Programs\Python\Python313\Lib\site-packages\django\urls\base.py", line 25, in resolve
    return get_resolver(urlconf).resolve(path)
           ~~~~~~~~~~~~~~~~~~~~~~~~~~~~~^^^^^^
  File "C:\Users\HomePC4r\AppData\Local\Programs\Python\Python313\Lib\site-packages\django\urls\resolvers.py", line 666, in resolve
    for pattern in self.url_patterns:
                   ^^^^^^^^^^^^^^^^^
  File "C:\Users\HomePC4r\AppData\Local\Programs\Python\Python313\Lib\site-packages\django\utils\functional.py", line 47, in __get__
    res = instance.__dict__[self.name] = self.func(instance)
                                         ~~~~~~~~~^^^^^^^^^^
  File "C:\Users\HomePC4r\AppData\Local\Programs\Python\Python313\Lib\site-packages\django\urls\resolvers.py", line 718, in url_patterns
    patterns = getattr(self.urlconf_module, "urlpatterns", self.urlconf_module)
                       ^^^^^^^^^^^^^^^^^^^
  File "C:\Users\HomePC4r\AppData\Local\Programs\Python\Python313\Lib\site-packages\django\utils\functional.py", line 47, in __get__
    res = instance.__dict__[self.name] = self.func(instance)
                                         ~~~~~~~~~^^^^^^^^^^
  File "C:\Users\HomePC4r\AppData\Local\Programs\Python\Python313\Lib\site-packages\django\urls\resolvers.py", line 711, in urlconf_module
    return import_module(self.urlconf_name)
  File "C:\Users\HomePC4r\AppData\Local\Programs\Python\Python313\Lib\importlib\__init__.py", line 88, in import_module
    return _bootstrap._gcd_import(name[level:], package, level)
           ~~~~~~~~~~~~~~~~~~~~~~^^^^^^^^^^^^^^^^^^^^^^^^^^^^^^
  File "<frozen importlib._bootstrap>", line 1387, in _gcd_import
  File "<frozen importlib._bootstrap>", line 1360, in _find_and_load
  File "<frozen importlib._bootstrap>", line 1331, in _find_and_load_unlocked
  File "<frozen importlib._bootstrap>", line 935, in _load_unlocked
  File "<frozen importlib._bootstrap_external>", line 1026, in exec_module
  File "<frozen importlib._bootstrap>", line 488, in _call_with_frames_removed
  File "D:\backend_luminan\myproject\urls.py", line 22, in <module>
    path('', include('myapp.urls')),
             ~~~~~~~^^^^^^^^^^^^^^
  File "C:\Users\HomePC4r\AppData\Local\Programs\Python\Python313\Lib\site-packages\django\urls\conf.py", line 39, in include
    urlconf_module = import_module(urlconf_module)
  File "C:\Users\HomePC4r\AppData\Local\Programs\Python\Python313\Lib\importlib\__init__.py", line 88, in import_module
    return _bootstrap._gcd_import(name[level:], package, level)
           ~~~~~~~~~~~~~~~~~~~~~~^^^^^^^^^^^^^^^^^^^^^^^^^^^^^^
  File "<frozen importlib._bootstrap>", line 1387, in _gcd_import
  File "<frozen importlib._bootstrap>", line 1360, in _find_and_load
  File "<frozen importlib._bootstrap>", line 1331, in _find_and_load_unlocked
  File "<frozen importlib._bootstrap>", line 935, in _load_unlocked
  File "<frozen importlib._bootstrap_external>", line 1026, in exec_module
  File "<frozen importlib._bootstrap>", line 488, in _call_with_frames_removed
  File "D:\backend_luminan\myapp\urls.py", line 265, in <module>
AttributeError: module 'myapp.views' has no attribute 'admin_total_sales'
Internal Server Error: /api/admin/drivers/
Traceback (most recent call last):
  File "C:\Users\HomePC4r\AppData\Local\Programs\Python\Python313\Lib\site-packages\asgiref\sync.py", line 489, in thread_handler
    raise exc_info[1]
  File "C:\Users\HomePC4r\AppData\Local\Programs\Python\Python313\Lib\site-packages\django\core\handlers\exception.py", line 42, in inner
    response = await get_response(request)
               ^^^^^^^^^^^^^^^^^^^^^^^^^^^
  File "C:\Users\HomePC4r\AppData\Local\Programs\Python\Python313\Lib\site-packages\django\core\handlers\base.py", line 235, in _get_response_async
    callback, callback_args, callback_kwargs = self.resolve_request(request)
                                               ~~~~~~~~~~~~~~~~~~~~^^^^^^^^^
  File "C:\Users\HomePC4r\AppData\Local\Programs\Python\Python313\Lib\site-packages\django\core\handlers\base.py", line 313, in resolve_request
    resolver_match = resolver.resolve(request.path_info)
  File "C:\Users\HomePC4r\AppData\Local\Programs\Python\Python313\Lib\site-packages\django\urls\resolvers.py", line 666, in resolve
    for pattern in self.url_patterns:
                   ^^^^^^^^^^^^^^^^^
  File "C:\Users\HomePC4r\AppData\Local\Programs\Python\Python313\Lib\site-packages\django\utils\functional.py", line 47, in __get__
    res = instance.__dict__[self.name] = self.func(instance)
                                         ~~~~~~~~~^^^^^^^^^^
  File "C:\Users\HomePC4r\AppData\Local\Programs\Python\Python313\Lib\site-packages\django\urls\resolvers.py", line 718, in url_patterns
    patterns = getattr(self.urlconf_module, "urlpatterns", self.urlconf_module)
                       ^^^^^^^^^^^^^^^^^^^
  File "C:\Users\HomePC4r\AppData\Local\Programs\Python\Python313\Lib\site-packages\django\utils\functional.py", line 47, in __get__
    res = instance.__dict__[self.name] = self.func(instance)
                                         ~~~~~~~~~^^^^^^^^^^
  File "C:\Users\HomePC4r\AppData\Local\Programs\Python\Python313\Lib\site-packages\django\urls\resolvers.py", line 711, in urlconf_module
    return import_module(self.urlconf_name)
  File "C:\Users\HomePC4r\AppData\Local\Programs\Python\Python313\Lib\importlib\__init__.py", line 88, in import_module
    return _bootstrap._gcd_import(name[level:], package, level)
           ~~~~~~~~~~~~~~~~~~~~~~^^^^^^^^^^^^^^^^^^^^^^^^^^^^^^
  File "<frozen importlib._bootstrap>", line 1387, in _gcd_import
  File "<frozen importlib._bootstrap>", line 1360, in _find_and_load
  File "<frozen importlib._bootstrap>", line 1331, in _find_and_load_unlocked
  File "<frozen importlib._bootstrap>", line 935, in _load_unlocked
  File "<frozen importlib._bootstrap_external>", line 1026, in exec_module
  File "<frozen importlib._bootstrap>", line 488, in _call_with_frames_removed
  File "D:\backend_luminan\myproject\urls.py", line 22, in <module>
    path('', include('myapp.urls')),
             ~~~~~~~^^^^^^^^^^^^^^
  File "C:\Users\HomePC4r\AppData\Local\Programs\Python\Python313\Lib\site-packages\django\urls\conf.py", line 39, in include
    urlconf_module = import_module(urlconf_module)
  File "C:\Users\HomePC4r\AppData\Local\Programs\Python\Python313\Lib\importlib\__init__.py", line 88, in import_module
    return _bootstrap._gcd_import(name[level:], package, level)
           ~~~~~~~~~~~~~~~~~~~~~~^^^^^^^^^^^^^^^^^^^^^^^^^^^^^^
  File "<frozen importlib._bootstrap>", line 1387, in _gcd_import
  File "<frozen importlib._bootstrap>", line 1360, in _find_and_load
  File "<frozen importlib._bootstrap>", line 1331, in _find_and_load_unlocked
  File "<frozen importlib._bootstrap>", line 935, in _load_unlocked
  File "<frozen importlib._bootstrap_external>", line 1026, in exec_module
  File "<frozen importlib._bootstrap>", line 488, in _call_with_frames_removed
  File "D:\backend_luminan\myapp\urls.py", line 265, in <module>
AttributeError: module 'myapp.views' has no attribute 'admin_total_sales'

During handling of the above exception, another exception occurred:

Traceback (most recent call last):
  File "C:\Users\HomePC4r\AppData\Local\Programs\Python\Python313\Lib\site-packages\asgiref\sync.py", line 489, in thread_handler
    raise exc_info[1]
  File "C:\Users\HomePC4r\AppData\Local\Programs\Python\Python313\Lib\site-packages\django\core\handlers\exception.py", line 42, in inner
    response = await get_response(request)
               ^^^^^^^^^^^^^^^^^^^^^^^^^^^
  File "C:\Users\HomePC4r\AppData\Local\Programs\Python\Python313\Lib\site-packages\django\utils\deprecation.py", line 136, in __acall__
    response = response or await self.get_response(request)
                           ^^^^^^^^^^^^^^^^^^^^^^^^^^^^^^^^
  File "C:\Users\HomePC4r\AppData\Local\Programs\Python\Python313\Lib\site-packages\django\core\handlers\exception.py", line 44, in inner
    response = await sync_to_async(
               ^^^^^^^^^^^^^^^^^^^^
        response_for_exception, thread_sensitive=False
        ^^^^^^^^^^^^^^^^^^^^^^^^^^^^^^^^^^^^^^^^^^^^^^
    )(request, exc)
    ^^^^^^^^^^^^^^^
  File "C:\Users\HomePC4r\AppData\Local\Programs\Python\Python313\Lib\site-packages\asgiref\sync.py", line 439, in __call__
    ret = await asyncio.shield(exec_coro)
          ^^^^^^^^^^^^^^^^^^^^^^^^^^^^^^^
  File "C:\Users\HomePC4r\AppData\Local\Programs\Python\Python313\Lib\concurrent\futures\thread.py", line 59, in run
    result = self.fn(*self.args, **self.kwargs)
  File "C:\Users\HomePC4r\AppData\Local\Programs\Python\Python313\Lib\site-packages\asgiref\sync.py", line 491, in thread_handler
    return func(*args, **kwargs)
  File "C:\Users\HomePC4r\AppData\Local\Programs\Python\Python313\Lib\site-packages\django\core\handlers\exception.py", line 141, in response_for_exception
    response = handle_uncaught_exception(
        request, get_resolver(get_urlconf()), sys.exc_info()
    )
  File "C:\Users\HomePC4r\AppData\Local\Programs\Python\Python313\Lib\site-packages\django\core\handlers\exception.py", line 182, in handle_uncaught_exception
    return debug.technical_500_response(request, *exc_info)
           ~~~~~~~~~~~~~~~~~~~~~~~~~~~~^^^^^^^^^^^^^^^^^^^^
  File "C:\Users\HomePC4r\AppData\Local\Programs\Python\Python313\Lib\site-packages\django\views\debug.py", line 69, in technical_500_response
    html = reporter.get_traceback_html()
  File "C:\Users\HomePC4r\AppData\Local\Programs\Python\Python313\Lib\site-packages\django\views\debug.py", line 428, in get_traceback_html
    c = Context(self.get_traceback_data(), use_l10n=False)
                ~~~~~~~~~~~~~~~~~~~~~~~^^
  File "C:\Users\HomePC4r\AppData\Local\Programs\Python\Python313\Lib\site-packages\django\views\debug.py", line 411, in get_traceback_data
    c["raising_view_name"] = get_caller(self.request)
                             ~~~~~~~~~~^^^^^^^^^^^^^^
  File "C:\Users\HomePC4r\AppData\Local\Programs\Python\Python313\Lib\site-packages\django\views\debug.py", line 102, in get_caller
    resolver_match = resolve(request.path)
  File "C:\Users\HomePC4r\AppData\Local\Programs\Python\Python313\Lib\site-packages\django\urls\base.py", line 25, in resolve
    return get_resolver(urlconf).resolve(path)
           ~~~~~~~~~~~~~~~~~~~~~~~~~~~~~^^^^^^
  File "C:\Users\HomePC4r\AppData\Local\Programs\Python\Python313\Lib\site-packages\django\urls\resolvers.py", line 666, in resolve
    for pattern in self.url_patterns:
                   ^^^^^^^^^^^^^^^^^
  File "C:\Users\HomePC4r\AppData\Local\Programs\Python\Python313\Lib\site-packages\django\utils\functional.py", line 47, in __get__
    res = instance.__dict__[self.name] = self.func(instance)
                                         ~~~~~~~~~^^^^^^^^^^
  File "C:\Users\HomePC4r\AppData\Local\Programs\Python\Python313\Lib\site-packages\django\urls\resolvers.py", line 718, in url_patterns
    patterns = getattr(self.urlconf_module, "urlpatterns", self.urlconf_module)
                       ^^^^^^^^^^^^^^^^^^^
  File "C:\Users\HomePC4r\AppData\Local\Programs\Python\Python313\Lib\site-packages\django\utils\functional.py", line 47, in __get__
    res = instance.__dict__[self.name] = self.func(instance)
                                         ~~~~~~~~~^^^^^^^^^^
  File "C:\Users\HomePC4r\AppData\Local\Programs\Python\Python313\Lib\site-packages\django\urls\resolvers.py", line 711, in urlconf_module
    return import_module(self.urlconf_name)
  File "C:\Users\HomePC4r\AppData\Local\Programs\Python\Python313\Lib\importlib\__init__.py", line 88, in import_module
    return _bootstrap._gcd_import(name[level:], package, level)
           ~~~~~~~~~~~~~~~~~~~~~~^^^^^^^^^^^^^^^^^^^^^^^^^^^^^^
  File "<frozen importlib._bootstrap>", line 1387, in _gcd_import
  File "<frozen importlib._bootstrap>", line 1360, in _find_and_load
  File "<frozen importlib._bootstrap>", line 1331, in _find_and_load_unlocked
  File "<frozen importlib._bootstrap>", line 935, in _load_unlocked
  File "<frozen importlib._bootstrap_external>", line 1026, in exec_module
  File "<frozen importlib._bootstrap>", line 488, in _call_with_frames_removed
  File "D:\backend_luminan\myproject\urls.py", line 22, in <module>
    path('', include('myapp.urls')),
             ~~~~~~~^^^^^^^^^^^^^^
  File "C:\Users\HomePC4r\AppData\Local\Programs\Python\Python313\Lib\site-packages\django\urls\conf.py", line 39, in include
    urlconf_module = import_module(urlconf_module)
  File "C:\Users\HomePC4r\AppData\Local\Programs\Python\Python313\Lib\importlib\__init__.py", line 88, in import_module
    return _bootstrap._gcd_import(name[level:], package, level)
           ~~~~~~~~~~~~~~~~~~~~~~^^^^^^^^^^^^^^^^^^^^^^^^^^^^^^
  File "<frozen importlib._bootstrap>", line 1387, in _gcd_import
  File "<frozen importlib._bootstrap>", line 1360, in _find_and_load
  File "<frozen importlib._bootstrap>", line 1331, in _find_and_load_unlocked
  File "<frozen importlib._bootstrap>", line 935, in _load_unlocked
  File "<frozen importlib._bootstrap_external>", line 1026, in exec_module
  File "<frozen importlib._bootstrap>", line 488, in _call_with_frames_removed
  File "D:\backend_luminan\myapp\urls.py", line 265, in <module>
AttributeError: module 'myapp.views' has no attribute 'admin_total_sales'

During handling of the above exception, another exception occurred:

Traceback (most recent call last):
  File "C:\Users\HomePC4r\AppData\Local\Programs\Python\Python313\Lib\site-packages\asgiref\sync.py", line 489, in thread_handler
    raise exc_info[1]
  File "C:\Users\HomePC4r\AppData\Local\Programs\Python\Python313\Lib\site-packages\django\core\handlers\exception.py", line 42, in inner
    response = await get_response(request)
               ^^^^^^^^^^^^^^^^^^^^^^^^^^^
  File "C:\Users\HomePC4r\AppData\Local\Programs\Python\Python313\Lib\site-packages\django\utils\deprecation.py", line 136, in __acall__
    response = response or await self.get_response(request)
                           ^^^^^^^^^^^^^^^^^^^^^^^^^^^^^^^^
  File "C:\Users\HomePC4r\AppData\Local\Programs\Python\Python313\Lib\site-packages\django\core\handlers\exception.py", line 44, in inner
    response = await sync_to_async(
               ^^^^^^^^^^^^^^^^^^^^
        response_for_exception, thread_sensitive=False
        ^^^^^^^^^^^^^^^^^^^^^^^^^^^^^^^^^^^^^^^^^^^^^^
    )(request, exc)
    ^^^^^^^^^^^^^^^
  File "C:\Users\HomePC4r\AppData\Local\Programs\Python\Python313\Lib\site-packages\asgiref\sync.py", line 439, in __call__
    ret = await asyncio.shield(exec_coro)
          ^^^^^^^^^^^^^^^^^^^^^^^^^^^^^^^
  File "C:\Users\HomePC4r\AppData\Local\Programs\Python\Python313\Lib\concurrent\futures\thread.py", line 59, in run
    result = self.fn(*self.args, **self.kwargs)
  File "C:\Users\HomePC4r\AppData\Local\Programs\Python\Python313\Lib\site-packages\asgiref\sync.py", line 491, in thread_handler
    return func(*args, **kwargs)
  File "C:\Users\HomePC4r\AppData\Local\Programs\Python\Python313\Lib\site-packages\django\core\handlers\exception.py", line 141, in response_for_exception
    response = handle_uncaught_exception(
        request, get_resolver(get_urlconf()), sys.exc_info()
    )
  File "C:\Users\HomePC4r\AppData\Local\Programs\Python\Python313\Lib\site-packages\django\core\handlers\exception.py", line 182, in handle_uncaught_exception
    return debug.technical_500_response(request, *exc_info)
           ~~~~~~~~~~~~~~~~~~~~~~~~~~~~^^^^^^^^^^^^^^^^^^^^
  File "C:\Users\HomePC4r\AppData\Local\Programs\Python\Python313\Lib\site-packages\django\views\debug.py", line 69, in technical_500_response
    html = reporter.get_traceback_html()
  File "C:\Users\HomePC4r\AppData\Local\Programs\Python\Python313\Lib\site-packages\django\views\debug.py", line 428, in get_traceback_html
    c = Context(self.get_traceback_data(), use_l10n=False)
                ~~~~~~~~~~~~~~~~~~~~~~~^^
  File "C:\Users\HomePC4r\AppData\Local\Programs\Python\Python313\Lib\site-packages\django\views\debug.py", line 411, in get_traceback_data
    c["raising_view_name"] = get_caller(self.request)
                             ~~~~~~~~~~^^^^^^^^^^^^^^
  File "C:\Users\HomePC4r\AppData\Local\Programs\Python\Python313\Lib\site-packages\django\views\debug.py", line 102, in get_caller
    resolver_match = resolve(request.path)
  File "C:\Users\HomePC4r\AppData\Local\Programs\Python\Python313\Lib\site-packages\django\urls\base.py", line 25, in resolve
    return get_resolver(urlconf).resolve(path)
           ~~~~~~~~~~~~~~~~~~~~~~~~~~~~~^^^^^^
  File "C:\Users\HomePC4r\AppData\Local\Programs\Python\Python313\Lib\site-packages\django\urls\resolvers.py", line 666, in resolve
    for pattern in self.url_patterns:
                   ^^^^^^^^^^^^^^^^^
  File "C:\Users\HomePC4r\AppData\Local\Programs\Python\Python313\Lib\site-packages\django\utils\functional.py", line 47, in __get__
    res = instance.__dict__[self.name] = self.func(instance)
                                         ~~~~~~~~~^^^^^^^^^^
  File "C:\Users\HomePC4r\AppData\Local\Programs\Python\Python313\Lib\site-packages\django\urls\resolvers.py", line 718, in url_patterns
    patterns = getattr(self.urlconf_module, "urlpatterns", self.urlconf_module)
                       ^^^^^^^^^^^^^^^^^^^
  File "C:\Users\HomePC4r\AppData\Local\Programs\Python\Python313\Lib\site-packages\django\utils\functional.py", line 47, in __get__
    res = instance.__dict__[self.name] = self.func(instance)
                                         ~~~~~~~~~^^^^^^^^^^
  File "C:\Users\HomePC4r\AppData\Local\Programs\Python\Python313\Lib\site-packages\django\urls\resolvers.py", line 711, in urlconf_module
    return import_module(self.urlconf_name)
  File "C:\Users\HomePC4r\AppData\Local\Programs\Python\Python313\Lib\importlib\__init__.py", line 88, in import_module
    return _bootstrap._gcd_import(name[level:], package, level)
           ~~~~~~~~~~~~~~~~~~~~~~^^^^^^^^^^^^^^^^^^^^^^^^^^^^^^
  File "<frozen importlib._bootstrap>", line 1387, in _gcd_import
  File "<frozen importlib._bootstrap>", line 1360, in _find_and_load
  File "<frozen importlib._bootstrap>", line 1331, in _find_and_load_unlocked
  File "<frozen importlib._bootstrap>", line 935, in _load_unlocked
  File "<frozen importlib._bootstrap_external>", line 1026, in exec_module
  File "<frozen importlib._bootstrap>", line 488, in _call_with_frames_removed
  File "D:\backend_luminan\myproject\urls.py", line 22, in <module>
    path('', include('myapp.urls')),
             ~~~~~~~^^^^^^^^^^^^^^
  File "C:\Users\HomePC4r\AppData\Local\Programs\Python\Python313\Lib\site-packages\django\urls\conf.py", line 39, in include
    urlconf_module = import_module(urlconf_module)
  File "C:\Users\HomePC4r\AppData\Local\Programs\Python\Python313\Lib\importlib\__init__.py", line 88, in import_module
    return _bootstrap._gcd_import(name[level:], package, level)
           ~~~~~~~~~~~~~~~~~~~~~~^^^^^^^^^^^^^^^^^^^^^^^^^^^^^^
  File "<frozen importlib._bootstrap>", line 1387, in _gcd_import
  File "<frozen importlib._bootstrap>", line 1360, in _find_and_load
  File "<frozen importlib._bootstrap>", line 1331, in _find_and_load_unlocked
  File "<frozen importlib._bootstrap>", line 935, in _load_unlocked
  File "<frozen importlib._bootstrap_external>", line 1026, in exec_module
  File "<frozen importlib._bootstrap>", line 488, in _call_with_frames_removed
  File "D:\backend_luminan\myapp\urls.py", line 265, in <module>
AttributeError: module 'myapp.views' has no attribute 'admin_total_sales'

During handling of the above exception, another exception occurred:

Traceback (most recent call last):
  File "C:\Users\HomePC4r\AppData\Local\Programs\Python\Python313\Lib\site-packages\asgiref\sync.py", line 489, in thread_handler
    raise exc_info[1]
  File "C:\Users\HomePC4r\AppData\Local\Programs\Python\Python313\Lib\site-packages\django\core\handlers\exception.py", line 42, in inner
    response = await get_response(request)
               ^^^^^^^^^^^^^^^^^^^^^^^^^^^
  File "C:\Users\HomePC4r\AppData\Local\Programs\Python\Python313\Lib\site-packages\django\utils\deprecation.py", line 136, in __acall__
    response = response or await self.get_response(request)
                           ^^^^^^^^^^^^^^^^^^^^^^^^^^^^^^^^
  File "C:\Users\HomePC4r\AppData\Local\Programs\Python\Python313\Lib\site-packages\django\core\handlers\exception.py", line 44, in inner
    response = await sync_to_async(
               ^^^^^^^^^^^^^^^^^^^^
        response_for_exception, thread_sensitive=False
        ^^^^^^^^^^^^^^^^^^^^^^^^^^^^^^^^^^^^^^^^^^^^^^
    )(request, exc)
    ^^^^^^^^^^^^^^^
  File "C:\Users\HomePC4r\AppData\Local\Programs\Python\Python313\Lib\site-packages\asgiref\sync.py", line 439, in __call__
    ret = await asyncio.shield(exec_coro)
          ^^^^^^^^^^^^^^^^^^^^^^^^^^^^^^^
  File "C:\Users\HomePC4r\AppData\Local\Programs\Python\Python313\Lib\concurrent\futures\thread.py", line 59, in run
    result = self.fn(*self.args, **self.kwargs)
  File "C:\Users\HomePC4r\AppData\Local\Programs\Python\Python313\Lib\site-packages\asgiref\sync.py", line 491, in thread_handler
    return func(*args, **kwargs)
  File "C:\Users\HomePC4r\AppData\Local\Programs\Python\Python313\Lib\site-packages\django\core\handlers\exception.py", line 141, in response_for_exception
    response = handle_uncaught_exception(
        request, get_resolver(get_urlconf()), sys.exc_info()
    )
  File "C:\Users\HomePC4r\AppData\Local\Programs\Python\Python313\Lib\site-packages\django\core\handlers\exception.py", line 182, in handle_uncaught_exception
    return debug.technical_500_response(request, *exc_info)
           ~~~~~~~~~~~~~~~~~~~~~~~~~~~~^^^^^^^^^^^^^^^^^^^^
  File "C:\Users\HomePC4r\AppData\Local\Programs\Python\Python313\Lib\site-packages\django\views\debug.py", line 69, in technical_500_response
    html = reporter.get_traceback_html()
  File "C:\Users\HomePC4r\AppData\Local\Programs\Python\Python313\Lib\site-packages\django\views\debug.py", line 428, in get_traceback_html
    c = Context(self.get_traceback_data(), use_l10n=False)
                ~~~~~~~~~~~~~~~~~~~~~~~^^
  File "C:\Users\HomePC4r\AppData\Local\Programs\Python\Python313\Lib\site-packages\django\views\debug.py", line 411, in get_traceback_data
    c["raising_view_name"] = get_caller(self.request)
                             ~~~~~~~~~~^^^^^^^^^^^^^^
  File "C:\Users\HomePC4r\AppData\Local\Programs\Python\Python313\Lib\site-packages\django\views\debug.py", line 102, in get_caller
    resolver_match = resolve(request.path)
  File "C:\Users\HomePC4r\AppData\Local\Programs\Python\Python313\Lib\site-packages\django\urls\base.py", line 25, in resolve
    return get_resolver(urlconf).resolve(path)
           ~~~~~~~~~~~~~~~~~~~~~~~~~~~~~^^^^^^
  File "C:\Users\HomePC4r\AppData\Local\Programs\Python\Python313\Lib\site-packages\django\urls\resolvers.py", line 666, in resolve
    for pattern in self.url_patterns:
                   ^^^^^^^^^^^^^^^^^
  File "C:\Users\HomePC4r\AppData\Local\Programs\Python\Python313\Lib\site-packages\django\utils\functional.py", line 47, in __get__
    res = instance.__dict__[self.name] = self.func(instance)
                                         ~~~~~~~~~^^^^^^^^^^
  File "C:\Users\HomePC4r\AppData\Local\Programs\Python\Python313\Lib\site-packages\django\urls\resolvers.py", line 718, in url_patterns
    patterns = getattr(self.urlconf_module, "urlpatterns", self.urlconf_module)
                       ^^^^^^^^^^^^^^^^^^^
  File "C:\Users\HomePC4r\AppData\Local\Programs\Python\Python313\Lib\site-packages\django\utils\functional.py", line 47, in __get__
    res = instance.__dict__[self.name] = self.func(instance)
                                         ~~~~~~~~~^^^^^^^^^^
  File "C:\Users\HomePC4r\AppData\Local\Programs\Python\Python313\Lib\site-packages\django\urls\resolvers.py", line 711, in urlconf_module
    return import_module(self.urlconf_name)
  File "C:\Users\HomePC4r\AppData\Local\Programs\Python\Python313\Lib\importlib\__init__.py", line 88, in import_module
    return _bootstrap._gcd_import(name[level:], package, level)
           ~~~~~~~~~~~~~~~~~~~~~~^^^^^^^^^^^^^^^^^^^^^^^^^^^^^^
  File "<frozen importlib._bootstrap>", line 1387, in _gcd_import
  File "<frozen importlib._bootstrap>", line 1360, in _find_and_load
  File "<frozen importlib._bootstrap>", line 1331, in _find_and_load_unlocked
  File "<frozen importlib._bootstrap>", line 935, in _load_unlocked
  File "<frozen importlib._bootstrap_external>", line 1026, in exec_module
  File "<frozen importlib._bootstrap>", line 488, in _call_with_frames_removed
  File "D:\backend_luminan\myproject\urls.py", line 22, in <module>
    path('', include('myapp.urls')),
             ~~~~~~~^^^^^^^^^^^^^^
  File "C:\Users\HomePC4r\AppData\Local\Programs\Python\Python313\Lib\site-packages\django\urls\conf.py", line 39, in include
    urlconf_module = import_module(urlconf_module)
  File "C:\Users\HomePC4r\AppData\Local\Programs\Python\Python313\Lib\importlib\__init__.py", line 88, in import_module
    return _bootstrap._gcd_import(name[level:], package, level)
           ~~~~~~~~~~~~~~~~~~~~~~^^^^^^^^^^^^^^^^^^^^^^^^^^^^^^
  File "<frozen importlib._bootstrap>", line 1387, in _gcd_import
  File "<frozen importlib._bootstrap>", line 1360, in _find_and_load
  File "<frozen importlib._bootstrap>", line 1331, in _find_and_load_unlocked
  File "<frozen importlib._bootstrap>", line 935, in _load_unlocked
  File "<frozen importlib._bootstrap_external>", line 1026, in exec_module
  File "<frozen importlib._bootstrap>", line 488, in _call_with_frames_removed
  File "D:\backend_luminan\myapp\urls.py", line 265, in <module>
AttributeError: module 'myapp.views' has no attribute 'admin_total_sales'

During handling of the above exception, another exception occurred:

Traceback (most recent call last):
  File "C:\Users\HomePC4r\AppData\Local\Programs\Python\Python313\Lib\site-packages\asgiref\sync.py", line 489, in thread_handler
    raise exc_info[1]
  File "C:\Users\HomePC4r\AppData\Local\Programs\Python\Python313\Lib\site-packages\django\core\handlers\exception.py", line 42, in inner
    response = await get_response(request)
               ^^^^^^^^^^^^^^^^^^^^^^^^^^^
  File "C:\Users\HomePC4r\AppData\Local\Programs\Python\Python313\Lib\site-packages\django\utils\deprecation.py", line 136, in __acall__
    response = response or await self.get_response(request)
                           ^^^^^^^^^^^^^^^^^^^^^^^^^^^^^^^^
  File "C:\Users\HomePC4r\AppData\Local\Programs\Python\Python313\Lib\site-packages\django\core\handlers\exception.py", line 44, in inner
    response = await sync_to_async(
               ^^^^^^^^^^^^^^^^^^^^
        response_for_exception, thread_sensitive=False
        ^^^^^^^^^^^^^^^^^^^^^^^^^^^^^^^^^^^^^^^^^^^^^^
    )(request, exc)
    ^^^^^^^^^^^^^^^
  File "C:\Users\HomePC4r\AppData\Local\Programs\Python\Python313\Lib\site-packages\asgiref\sync.py", line 439, in __call__
    ret = await asyncio.shield(exec_coro)
          ^^^^^^^^^^^^^^^^^^^^^^^^^^^^^^^
  File "C:\Users\HomePC4r\AppData\Local\Programs\Python\Python313\Lib\concurrent\futures\thread.py", line 59, in run
    result = self.fn(*self.args, **self.kwargs)
  File "C:\Users\HomePC4r\AppData\Local\Programs\Python\Python313\Lib\site-packages\asgiref\sync.py", line 491, in thread_handler
    return func(*args, **kwargs)
  File "C:\Users\HomePC4r\AppData\Local\Programs\Python\Python313\Lib\site-packages\django\core\handlers\exception.py", line 141, in response_for_exception
    response = handle_uncaught_exception(
        request, get_resolver(get_urlconf()), sys.exc_info()
    )
  File "C:\Users\HomePC4r\AppData\Local\Programs\Python\Python313\Lib\site-packages\django\core\handlers\exception.py", line 182, in handle_uncaught_exception
    return debug.technical_500_response(request, *exc_info)
           ~~~~~~~~~~~~~~~~~~~~~~~~~~~~^^^^^^^^^^^^^^^^^^^^
  File "C:\Users\HomePC4r\AppData\Local\Programs\Python\Python313\Lib\site-packages\django\views\debug.py", line 69, in technical_500_response
    html = reporter.get_traceback_html()
  File "C:\Users\HomePC4r\AppData\Local\Programs\Python\Python313\Lib\site-packages\django\views\debug.py", line 428, in get_traceback_html
    c = Context(self.get_traceback_data(), use_l10n=False)
                ~~~~~~~~~~~~~~~~~~~~~~~^^
  File "C:\Users\HomePC4r\AppData\Local\Programs\Python\Python313\Lib\site-packages\django\views\debug.py", line 411, in get_traceback_data
    c["raising_view_name"] = get_caller(self.request)
                             ~~~~~~~~~~^^^^^^^^^^^^^^
  File "C:\Users\HomePC4r\AppData\Local\Programs\Python\Python313\Lib\site-packages\django\views\debug.py", line 102, in get_caller
    resolver_match = resolve(request.path)
  File "C:\Users\HomePC4r\AppData\Local\Programs\Python\Python313\Lib\site-packages\django\urls\base.py", line 25, in resolve
    return get_resolver(urlconf).resolve(path)
           ~~~~~~~~~~~~~~~~~~~~~~~~~~~~~^^^^^^
  File "C:\Users\HomePC4r\AppData\Local\Programs\Python\Python313\Lib\site-packages\django\urls\resolvers.py", line 666, in resolve
    for pattern in self.url_patterns:
                   ^^^^^^^^^^^^^^^^^
  File "C:\Users\HomePC4r\AppData\Local\Programs\Python\Python313\Lib\site-packages\django\utils\functional.py", line 47, in __get__
    res = instance.__dict__[self.name] = self.func(instance)
                                         ~~~~~~~~~^^^^^^^^^^
  File "C:\Users\HomePC4r\AppData\Local\Programs\Python\Python313\Lib\site-packages\django\urls\resolvers.py", line 718, in url_patterns
    patterns = getattr(self.urlconf_module, "urlpatterns", self.urlconf_module)
                       ^^^^^^^^^^^^^^^^^^^
  File "C:\Users\HomePC4r\AppData\Local\Programs\Python\Python313\Lib\site-packages\django\utils\functional.py", line 47, in __get__
    res = instance.__dict__[self.name] = self.func(instance)
                                         ~~~~~~~~~^^^^^^^^^^
  File "C:\Users\HomePC4r\AppData\Local\Programs\Python\Python313\Lib\site-packages\django\urls\resolvers.py", line 711, in urlconf_module
    return import_module(self.urlconf_name)
  File "C:\Users\HomePC4r\AppData\Local\Programs\Python\Python313\Lib\importlib\__init__.py", line 88, in import_module
    return _bootstrap._gcd_import(name[level:], package, level)
           ~~~~~~~~~~~~~~~~~~~~~~^^^^^^^^^^^^^^^^^^^^^^^^^^^^^^
  File "<frozen importlib._bootstrap>", line 1387, in _gcd_import
  File "<frozen importlib._bootstrap>", line 1360, in _find_and_load
  File "<frozen importlib._bootstrap>", line 1331, in _find_and_load_unlocked
  File "<frozen importlib._bootstrap>", line 935, in _load_unlocked
  File "<frozen importlib._bootstrap_external>", line 1026, in exec_module
  File "<frozen importlib._bootstrap>", line 488, in _call_with_frames_removed
  File "D:\backend_luminan\myproject\urls.py", line 22, in <module>
    path('', include('myapp.urls')),
             ~~~~~~~^^^^^^^^^^^^^^
  File "C:\Users\HomePC4r\AppData\Local\Programs\Python\Python313\Lib\site-packages\django\urls\conf.py", line 39, in include
    urlconf_module = import_module(urlconf_module)
  File "C:\Users\HomePC4r\AppData\Local\Programs\Python\Python313\Lib\importlib\__init__.py", line 88, in import_module
    return _bootstrap._gcd_import(name[level:], package, level)
           ~~~~~~~~~~~~~~~~~~~~~~^^^^^^^^^^^^^^^^^^^^^^^^^^^^^^
  File "<frozen importlib._bootstrap>", line 1387, in _gcd_import
  File "<frozen importlib._bootstrap>", line 1360, in _find_and_load
  File "<frozen importlib._bootstrap>", line 1331, in _find_and_load_unlocked
  File "<frozen importlib._bootstrap>", line 935, in _load_unlocked
  File "<frozen importlib._bootstrap_external>", line 1026, in exec_module
  File "<frozen importlib._bootstrap>", line 488, in _call_with_frames_removed
  File "D:\backend_luminan\myapp\urls.py", line 265, in <module>
AttributeError: module 'myapp.views' has no attribute 'admin_total_sales'

During handling of the above exception, another exception occurred:

Traceback (most recent call last):
  File "C:\Users\HomePC4r\AppData\Local\Programs\Python\Python313\Lib\site-packages\asgiref\sync.py", line 489, in thread_handler
    raise exc_info[1]
  File "C:\Users\HomePC4r\AppData\Local\Programs\Python\Python313\Lib\site-packages\django\core\handlers\exception.py", line 42, in inner
    response = await get_response(request)
               ^^^^^^^^^^^^^^^^^^^^^^^^^^^
  File "C:\Users\HomePC4r\AppData\Local\Programs\Python\Python313\Lib\site-packages\django\utils\deprecation.py", line 136, in __acall__
    response = response or await self.get_response(request)
                           ^^^^^^^^^^^^^^^^^^^^^^^^^^^^^^^^
  File "C:\Users\HomePC4r\AppData\Local\Programs\Python\Python313\Lib\site-packages\django\core\handlers\exception.py", line 44, in inner
    response = await sync_to_async(
               ^^^^^^^^^^^^^^^^^^^^
        response_for_exception, thread_sensitive=False
        ^^^^^^^^^^^^^^^^^^^^^^^^^^^^^^^^^^^^^^^^^^^^^^
    )(request, exc)
    ^^^^^^^^^^^^^^^
  File "C:\Users\HomePC4r\AppData\Local\Programs\Python\Python313\Lib\site-packages\asgiref\sync.py", line 439, in __call__
    ret = await asyncio.shield(exec_coro)
          ^^^^^^^^^^^^^^^^^^^^^^^^^^^^^^^
  File "C:\Users\HomePC4r\AppData\Local\Programs\Python\Python313\Lib\concurrent\futures\thread.py", line 59, in run
    result = self.fn(*self.args, **self.kwargs)
  File "C:\Users\HomePC4r\AppData\Local\Programs\Python\Python313\Lib\site-packages\asgiref\sync.py", line 491, in thread_handler
    return func(*args, **kwargs)
  File "C:\Users\HomePC4r\AppData\Local\Programs\Python\Python313\Lib\site-packages\django\core\handlers\exception.py", line 141, in response_for_exception
    response = handle_uncaught_exception(
        request, get_resolver(get_urlconf()), sys.exc_info()
    )
  File "C:\Users\HomePC4r\AppData\Local\Programs\Python\Python313\Lib\site-packages\django\core\handlers\exception.py", line 182, in handle_uncaught_exception
    return debug.technical_500_response(request, *exc_info)
           ~~~~~~~~~~~~~~~~~~~~~~~~~~~~^^^^^^^^^^^^^^^^^^^^
  File "C:\Users\HomePC4r\AppData\Local\Programs\Python\Python313\Lib\site-packages\django\views\debug.py", line 69, in technical_500_response
    html = reporter.get_traceback_html()
  File "C:\Users\HomePC4r\AppData\Local\Programs\Python\Python313\Lib\site-packages\django\views\debug.py", line 428, in get_traceback_html
    c = Context(self.get_traceback_data(), use_l10n=False)
                ~~~~~~~~~~~~~~~~~~~~~~~^^
  File "C:\Users\HomePC4r\AppData\Local\Programs\Python\Python313\Lib\site-packages\django\views\debug.py", line 411, in get_traceback_data
    c["raising_view_name"] = get_caller(self.request)
                             ~~~~~~~~~~^^^^^^^^^^^^^^
  File "C:\Users\HomePC4r\AppData\Local\Programs\Python\Python313\Lib\site-packages\django\views\debug.py", line 102, in get_caller
    resolver_match = resolve(request.path)
  File "C:\Users\HomePC4r\AppData\Local\Programs\Python\Python313\Lib\site-packages\django\urls\base.py", line 25, in resolve
    return get_resolver(urlconf).resolve(path)
           ~~~~~~~~~~~~~~~~~~~~~~~~~~~~~^^^^^^
  File "C:\Users\HomePC4r\AppData\Local\Programs\Python\Python313\Lib\site-packages\django\urls\resolvers.py", line 666, in resolve
    for pattern in self.url_patterns:
                   ^^^^^^^^^^^^^^^^^
  File "C:\Users\HomePC4r\AppData\Local\Programs\Python\Python313\Lib\site-packages\django\utils\functional.py", line 47, in __get__
    res = instance.__dict__[self.name] = self.func(instance)
                                         ~~~~~~~~~^^^^^^^^^^
  File "C:\Users\HomePC4r\AppData\Local\Programs\Python\Python313\Lib\site-packages\django\urls\resolvers.py", line 718, in url_patterns
    patterns = getattr(self.urlconf_module, "urlpatterns", self.urlconf_module)
                       ^^^^^^^^^^^^^^^^^^^
  File "C:\Users\HomePC4r\AppData\Local\Programs\Python\Python313\Lib\site-packages\django\utils\functional.py", line 47, in __get__
    res = instance.__dict__[self.name] = self.func(instance)
                                         ~~~~~~~~~^^^^^^^^^^
  File "C:\Users\HomePC4r\AppData\Local\Programs\Python\Python313\Lib\site-packages\django\urls\resolvers.py", line 711, in urlconf_module
    return import_module(self.urlconf_name)
  File "C:\Users\HomePC4r\AppData\Local\Programs\Python\Python313\Lib\importlib\__init__.py", line 88, in import_module
    return _bootstrap._gcd_import(name[level:], package, level)
           ~~~~~~~~~~~~~~~~~~~~~~^^^^^^^^^^^^^^^^^^^^^^^^^^^^^^
  File "<frozen importlib._bootstrap>", line 1387, in _gcd_import
  File "<frozen importlib._bootstrap>", line 1360, in _find_and_load
  File "<frozen importlib._bootstrap>", line 1331, in _find_and_load_unlocked
  File "<frozen importlib._bootstrap>", line 935, in _load_unlocked
  File "<frozen importlib._bootstrap_external>", line 1026, in exec_module
  File "<frozen importlib._bootstrap>", line 488, in _call_with_frames_removed
  File "D:\backend_luminan\myproject\urls.py", line 22, in <module>
    path('', include('myapp.urls')),
             ~~~~~~~^^^^^^^^^^^^^^
  File "C:\Users\HomePC4r\AppData\Local\Programs\Python\Python313\Lib\site-packages\django\urls\conf.py", line 39, in include
    urlconf_module = import_module(urlconf_module)
  File "C:\Users\HomePC4r\AppData\Local\Programs\Python\Python313\Lib\importlib\__init__.py", line 88, in import_module
    return _bootstrap._gcd_import(name[level:], package, level)
           ~~~~~~~~~~~~~~~~~~~~~~^^^^^^^^^^^^^^^^^^^^^^^^^^^^^^
  File "<frozen importlib._bootstrap>", line 1387, in _gcd_import
  File "<frozen importlib._bootstrap>", line 1360, in _find_and_load
  File "<frozen importlib._bootstrap>", line 1331, in _find_and_load_unlocked
  File "<frozen importlib._bootstrap>", line 935, in _load_unlocked
  File "<frozen importlib._bootstrap_external>", line 1026, in exec_module
  File "<frozen importlib._bootstrap>", line 488, in _call_with_frames_removed
  File "D:\backend_luminan\myapp\urls.py", line 265, in <module>
AttributeError: module 'myapp.views' has no attribute 'admin_total_sales'
Internal Server Error: /api/admin/orders/revenue/
Traceback (most recent call last):
  File "C:\Users\HomePC4r\AppData\Local\Programs\Python\Python313\Lib\site-packages\asgiref\sync.py", line 489, in thread_handler
    raise exc_info[1]
  File "C:\Users\HomePC4r\AppData\Local\Programs\Python\Python313\Lib\site-packages\django\core\handlers\exception.py", line 42, in inner
    response = await get_response(request)
               ^^^^^^^^^^^^^^^^^^^^^^^^^^^
  File "C:\Users\HomePC4r\AppData\Local\Programs\Python\Python313\Lib\site-packages\django\core\handlers\base.py", line 235, in _get_response_async
    callback, callback_args, callback_kwargs = self.resolve_request(request)
                                               ~~~~~~~~~~~~~~~~~~~~^^^^^^^^^
  File "C:\Users\HomePC4r\AppData\Local\Programs\Python\Python313\Lib\site-packages\django\core\handlers\base.py", line 313, in resolve_request
    resolver_match = resolver.resolve(request.path_info)
  File "C:\Users\HomePC4r\AppData\Local\Programs\Python\Python313\Lib\site-packages\django\urls\resolvers.py", line 666, in resolve
    for pattern in self.url_patterns:
                   ^^^^^^^^^^^^^^^^^
  File "C:\Users\HomePC4r\AppData\Local\Programs\Python\Python313\Lib\site-packages\django\utils\functional.py", line 47, in __get__
    res = instance.__dict__[self.name] = self.func(instance)
                                         ~~~~~~~~~^^^^^^^^^^
  File "C:\Users\HomePC4r\AppData\Local\Programs\Python\Python313\Lib\site-packages\django\urls\resolvers.py", line 718, in url_patterns
    patterns = getattr(self.urlconf_module, "urlpatterns", self.urlconf_module)
                       ^^^^^^^^^^^^^^^^^^^
  File "C:\Users\HomePC4r\AppData\Local\Programs\Python\Python313\Lib\site-packages\django\utils\functional.py", line 47, in __get__
    res = instance.__dict__[self.name] = self.func(instance)
                                         ~~~~~~~~~^^^^^^^^^^
  File "C:\Users\HomePC4r\AppData\Local\Programs\Python\Python313\Lib\site-packages\django\urls\resolvers.py", line 711, in urlconf_module
    return import_module(self.urlconf_name)
  File "C:\Users\HomePC4r\AppData\Local\Programs\Python\Python313\Lib\importlib\__init__.py", line 88, in import_module
    return _bootstrap._gcd_import(name[level:], package, level)
           ~~~~~~~~~~~~~~~~~~~~~~^^^^^^^^^^^^^^^^^^^^^^^^^^^^^^
  File "<frozen importlib._bootstrap>", line 1387, in _gcd_import
  File "<frozen importlib._bootstrap>", line 1360, in _find_and_load
  File "<frozen importlib._bootstrap>", line 1331, in _find_and_load_unlocked
  File "<frozen importlib._bootstrap>", line 935, in _load_unlocked
  File "<frozen importlib._bootstrap_external>", line 1026, in exec_module
  File "<frozen importlib._bootstrap>", line 488, in _call_with_frames_removed
  File "D:\backend_luminan\myproject\urls.py", line 22, in <module>
    path('', include('myapp.urls')),
             ~~~~~~~^^^^^^^^^^^^^^
  File "C:\Users\HomePC4r\AppData\Local\Programs\Python\Python313\Lib\site-packages\django\urls\conf.py", line 39, in include
    urlconf_module = import_module(urlconf_module)
  File "C:\Users\HomePC4r\AppData\Local\Programs\Python\Python313\Lib\importlib\__init__.py", line 88, in import_module
    return _bootstrap._gcd_import(name[level:], package, level)
           ~~~~~~~~~~~~~~~~~~~~~~^^^^^^^^^^^^^^^^^^^^^^^^^^^^^^
  File "<frozen importlib._bootstrap>", line 1387, in _gcd_import
  File "<frozen importlib._bootstrap>", line 1360, in _find_and_load
  File "<frozen importlib._bootstrap>", line 1331, in _find_and_load_unlocked
  File "<frozen importlib._bootstrap>", line 935, in _load_unlocked
  File "<frozen importlib._bootstrap_external>", line 1026, in exec_module
  File "<frozen importlib._bootstrap>", line 488, in _call_with_frames_removed
  File "D:\backend_luminan\myapp\urls.py", line 265, in <module>
AttributeError: module 'myapp.views' has no attribute 'admin_total_sales'

During handling of the above exception, another exception occurred:

Traceback (most recent call last):
  File "C:\Users\HomePC4r\AppData\Local\Programs\Python\Python313\Lib\site-packages\asgiref\sync.py", line 489, in thread_handler
    raise exc_info[1]
  File "C:\Users\HomePC4r\AppData\Local\Programs\Python\Python313\Lib\site-packages\django\core\handlers\exception.py", line 42, in inner
    response = await get_response(request)
               ^^^^^^^^^^^^^^^^^^^^^^^^^^^
  File "C:\Users\HomePC4r\AppData\Local\Programs\Python\Python313\Lib\site-packages\django\utils\deprecation.py", line 136, in __acall__
    response = response or await self.get_response(request)
                           ^^^^^^^^^^^^^^^^^^^^^^^^^^^^^^^^
  File "C:\Users\HomePC4r\AppData\Local\Programs\Python\Python313\Lib\site-packages\django\core\handlers\exception.py", line 44, in inner
    response = await sync_to_async(
               ^^^^^^^^^^^^^^^^^^^^
        response_for_exception, thread_sensitive=False
        ^^^^^^^^^^^^^^^^^^^^^^^^^^^^^^^^^^^^^^^^^^^^^^
    )(request, exc)
    ^^^^^^^^^^^^^^^
  File "C:\Users\HomePC4r\AppData\Local\Programs\Python\Python313\Lib\site-packages\asgiref\sync.py", line 439, in __call__
    ret = await asyncio.shield(exec_coro)
          ^^^^^^^^^^^^^^^^^^^^^^^^^^^^^^^
  File "C:\Users\HomePC4r\AppData\Local\Programs\Python\Python313\Lib\concurrent\futures\thread.py", line 59, in run
    result = self.fn(*self.args, **self.kwargs)
  File "C:\Users\HomePC4r\AppData\Local\Programs\Python\Python313\Lib\site-packages\asgiref\sync.py", line 491, in thread_handler
    return func(*args, **kwargs)
  File "C:\Users\HomePC4r\AppData\Local\Programs\Python\Python313\Lib\site-packages\django\core\handlers\exception.py", line 141, in response_for_exception
    response = handle_uncaught_exception(
        request, get_resolver(get_urlconf()), sys.exc_info()
    )
  File "C:\Users\HomePC4r\AppData\Local\Programs\Python\Python313\Lib\site-packages\django\core\handlers\exception.py", line 182, in handle_uncaught_exception
    return debug.technical_500_response(request, *exc_info)
           ~~~~~~~~~~~~~~~~~~~~~~~~~~~~^^^^^^^^^^^^^^^^^^^^
  File "C:\Users\HomePC4r\AppData\Local\Programs\Python\Python313\Lib\site-packages\django\views\debug.py", line 69, in technical_500_response
    html = reporter.get_traceback_html()
  File "C:\Users\HomePC4r\AppData\Local\Programs\Python\Python313\Lib\site-packages\django\views\debug.py", line 428, in get_traceback_html
    c = Context(self.get_traceback_data(), use_l10n=False)
                ~~~~~~~~~~~~~~~~~~~~~~~^^
  File "C:\Users\HomePC4r\AppData\Local\Programs\Python\Python313\Lib\site-packages\django\views\debug.py", line 411, in get_traceback_data
    c["raising_view_name"] = get_caller(self.request)
                             ~~~~~~~~~~^^^^^^^^^^^^^^
  File "C:\Users\HomePC4r\AppData\Local\Programs\Python\Python313\Lib\site-packages\django\views\debug.py", line 102, in get_caller
    resolver_match = resolve(request.path)
  File "C:\Users\HomePC4r\AppData\Local\Programs\Python\Python313\Lib\site-packages\django\urls\base.py", line 25, in resolve
    return get_resolver(urlconf).resolve(path)
           ~~~~~~~~~~~~~~~~~~~~~~~~~~~~~^^^^^^
  File "C:\Users\HomePC4r\AppData\Local\Programs\Python\Python313\Lib\site-packages\django\urls\resolvers.py", line 666, in resolve
    for pattern in self.url_patterns:
                   ^^^^^^^^^^^^^^^^^
  File "C:\Users\HomePC4r\AppData\Local\Programs\Python\Python313\Lib\site-packages\django\utils\functional.py", line 47, in __get__
    res = instance.__dict__[self.name] = self.func(instance)
                                         ~~~~~~~~~^^^^^^^^^^
  File "C:\Users\HomePC4r\AppData\Local\Programs\Python\Python313\Lib\site-packages\django\urls\resolvers.py", line 718, in url_patterns
    patterns = getattr(self.urlconf_module, "urlpatterns", self.urlconf_module)
                       ^^^^^^^^^^^^^^^^^^^
  File "C:\Users\HomePC4r\AppData\Local\Programs\Python\Python313\Lib\site-packages\django\utils\functional.py", line 47, in __get__
    res = instance.__dict__[self.name] = self.func(instance)
                                         ~~~~~~~~~^^^^^^^^^^
  File "C:\Users\HomePC4r\AppData\Local\Programs\Python\Python313\Lib\site-packages\django\urls\resolvers.py", line 711, in urlconf_module
    return import_module(self.urlconf_name)
  File "C:\Users\HomePC4r\AppData\Local\Programs\Python\Python313\Lib\importlib\__init__.py", line 88, in import_module
    return _bootstrap._gcd_import(name[level:], package, level)
           ~~~~~~~~~~~~~~~~~~~~~~^^^^^^^^^^^^^^^^^^^^^^^^^^^^^^
  File "<frozen importlib._bootstrap>", line 1387, in _gcd_import
  File "<frozen importlib._bootstrap>", line 1360, in _find_and_load
  File "<frozen importlib._bootstrap>", line 1331, in _find_and_load_unlocked
  File "<frozen importlib._bootstrap>", line 935, in _load_unlocked
  File "<frozen importlib._bootstrap_external>", line 1026, in exec_module
  File "<frozen importlib._bootstrap>", line 488, in _call_with_frames_removed
  File "D:\backend_luminan\myproject\urls.py", line 22, in <module>
    path('', include('myapp.urls')),
             ~~~~~~~^^^^^^^^^^^^^^
  File "C:\Users\HomePC4r\AppData\Local\Programs\Python\Python313\Lib\site-packages\django\urls\conf.py", line 39, in include
    urlconf_module = import_module(urlconf_module)
  File "C:\Users\HomePC4r\AppData\Local\Programs\Python\Python313\Lib\importlib\__init__.py", line 88, in import_module
    return _bootstrap._gcd_import(name[level:], package, level)
           ~~~~~~~~~~~~~~~~~~~~~~^^^^^^^^^^^^^^^^^^^^^^^^^^^^^^
  File "<frozen importlib._bootstrap>", line 1387, in _gcd_import
  File "<frozen importlib._bootstrap>", line 1360, in _find_and_load
  File "<frozen importlib._bootstrap>", line 1331, in _find_and_load_unlocked
  File "<frozen importlib._bootstrap>", line 935, in _load_unlocked
  File "<frozen importlib._bootstrap_external>", line 1026, in exec_module
  File "<frozen importlib._bootstrap>", line 488, in _call_with_frames_removed
  File "D:\backend_luminan\myapp\urls.py", line 265, in <module>
AttributeError: module 'myapp.views' has no attribute 'admin_total_sales'

During handling of the above exception, another exception occurred:

Traceback (most recent call last):
  File "C:\Users\HomePC4r\AppData\Local\Programs\Python\Python313\Lib\site-packages\asgiref\sync.py", line 489, in thread_handler
    raise exc_info[1]
  File "C:\Users\HomePC4r\AppData\Local\Programs\Python\Python313\Lib\site-packages\django\core\handlers\exception.py", line 42, in inner
    response = await get_response(request)
               ^^^^^^^^^^^^^^^^^^^^^^^^^^^
  File "C:\Users\HomePC4r\AppData\Local\Programs\Python\Python313\Lib\site-packages\django\utils\deprecation.py", line 136, in __acall__
    response = response or await self.get_response(request)
                           ^^^^^^^^^^^^^^^^^^^^^^^^^^^^^^^^
  File "C:\Users\HomePC4r\AppData\Local\Programs\Python\Python313\Lib\site-packages\django\core\handlers\exception.py", line 44, in inner
    response = await sync_to_async(
               ^^^^^^^^^^^^^^^^^^^^
        response_for_exception, thread_sensitive=False
        ^^^^^^^^^^^^^^^^^^^^^^^^^^^^^^^^^^^^^^^^^^^^^^
    )(request, exc)
    ^^^^^^^^^^^^^^^
  File "C:\Users\HomePC4r\AppData\Local\Programs\Python\Python313\Lib\site-packages\asgiref\sync.py", line 439, in __call__
    ret = await asyncio.shield(exec_coro)
          ^^^^^^^^^^^^^^^^^^^^^^^^^^^^^^^
  File "C:\Users\HomePC4r\AppData\Local\Programs\Python\Python313\Lib\concurrent\futures\thread.py", line 59, in run
    result = self.fn(*self.args, **self.kwargs)
  File "C:\Users\HomePC4r\AppData\Local\Programs\Python\Python313\Lib\site-packages\asgiref\sync.py", line 491, in thread_handler
    return func(*args, **kwargs)
  File "C:\Users\HomePC4r\AppData\Local\Programs\Python\Python313\Lib\site-packages\django\core\handlers\exception.py", line 141, in response_for_exception
    response = handle_uncaught_exception(
        request, get_resolver(get_urlconf()), sys.exc_info()
    )
  File "C:\Users\HomePC4r\AppData\Local\Programs\Python\Python313\Lib\site-packages\django\core\handlers\exception.py", line 182, in handle_uncaught_exception
    return debug.technical_500_response(request, *exc_info)
           ~~~~~~~~~~~~~~~~~~~~~~~~~~~~^^^^^^^^^^^^^^^^^^^^
  File "C:\Users\HomePC4r\AppData\Local\Programs\Python\Python313\Lib\site-packages\django\views\debug.py", line 69, in technical_500_response
    html = reporter.get_traceback_html()
  File "C:\Users\HomePC4r\AppData\Local\Programs\Python\Python313\Lib\site-packages\django\views\debug.py", line 428, in get_traceback_html
    c = Context(self.get_traceback_data(), use_l10n=False)
                ~~~~~~~~~~~~~~~~~~~~~~~^^
  File "C:\Users\HomePC4r\AppData\Local\Programs\Python\Python313\Lib\site-packages\django\views\debug.py", line 411, in get_traceback_data
    c["raising_view_name"] = get_caller(self.request)
                             ~~~~~~~~~~^^^^^^^^^^^^^^
  File "C:\Users\HomePC4r\AppData\Local\Programs\Python\Python313\Lib\site-packages\django\views\debug.py", line 102, in get_caller
    resolver_match = resolve(request.path)
  File "C:\Users\HomePC4r\AppData\Local\Programs\Python\Python313\Lib\site-packages\django\urls\base.py", line 25, in resolve
    return get_resolver(urlconf).resolve(path)
           ~~~~~~~~~~~~~~~~~~~~~~~~~~~~~^^^^^^
  File "C:\Users\HomePC4r\AppData\Local\Programs\Python\Python313\Lib\site-packages\django\urls\resolvers.py", line 666, in resolve
    for pattern in self.url_patterns:
                   ^^^^^^^^^^^^^^^^^
  File "C:\Users\HomePC4r\AppData\Local\Programs\Python\Python313\Lib\site-packages\django\utils\functional.py", line 47, in __get__
    res = instance.__dict__[self.name] = self.func(instance)
                                         ~~~~~~~~~^^^^^^^^^^
  File "C:\Users\HomePC4r\AppData\Local\Programs\Python\Python313\Lib\site-packages\django\urls\resolvers.py", line 718, in url_patterns
    patterns = getattr(self.urlconf_module, "urlpatterns", self.urlconf_module)
                       ^^^^^^^^^^^^^^^^^^^
  File "C:\Users\HomePC4r\AppData\Local\Programs\Python\Python313\Lib\site-packages\django\utils\functional.py", line 47, in __get__
    res = instance.__dict__[self.name] = self.func(instance)
                                         ~~~~~~~~~^^^^^^^^^^
  File "C:\Users\HomePC4r\AppData\Local\Programs\Python\Python313\Lib\site-packages\django\urls\resolvers.py", line 711, in urlconf_module
    return import_module(self.urlconf_name)
  File "C:\Users\HomePC4r\AppData\Local\Programs\Python\Python313\Lib\importlib\__init__.py", line 88, in import_module
    return _bootstrap._gcd_import(name[level:], package, level)
           ~~~~~~~~~~~~~~~~~~~~~~^^^^^^^^^^^^^^^^^^^^^^^^^^^^^^
  File "<frozen importlib._bootstrap>", line 1387, in _gcd_import
  File "<frozen importlib._bootstrap>", line 1360, in _find_and_load
  File "<frozen importlib._bootstrap>", line 1331, in _find_and_load_unlocked
  File "<frozen importlib._bootstrap>", line 935, in _load_unlocked
  File "<frozen importlib._bootstrap_external>", line 1026, in exec_module
  File "<frozen importlib._bootstrap>", line 488, in _call_with_frames_removed
  File "D:\backend_luminan\myproject\urls.py", line 22, in <module>
    path('', include('myapp.urls')),
             ~~~~~~~^^^^^^^^^^^^^^
  File "C:\Users\HomePC4r\AppData\Local\Programs\Python\Python313\Lib\site-packages\django\urls\conf.py", line 39, in include
    urlconf_module = import_module(urlconf_module)
  File "C:\Users\HomePC4r\AppData\Local\Programs\Python\Python313\Lib\importlib\__init__.py", line 88, in import_module
    return _bootstrap._gcd_import(name[level:], package, level)
           ~~~~~~~~~~~~~~~~~~~~~~^^^^^^^^^^^^^^^^^^^^^^^^^^^^^^
  File "<frozen importlib._bootstrap>", line 1387, in _gcd_import
  File "<frozen importlib._bootstrap>", line 1360, in _find_and_load
  File "<frozen importlib._bootstrap>", line 1331, in _find_and_load_unlocked
  File "<frozen importlib._bootstrap>", line 935, in _load_unlocked
  File "<frozen importlib._bootstrap_external>", line 1026, in exec_module
  File "<frozen importlib._bootstrap>", line 488, in _call_with_frames_removed
  File "D:\backend_luminan\myapp\urls.py", line 265, in <module>
AttributeError: module 'myapp.views' has no attribute 'admin_total_sales'

During handling of the above exception, another exception occurred:

Traceback (most recent call last):
  File "C:\Users\HomePC4r\AppData\Local\Programs\Python\Python313\Lib\site-packages\asgiref\sync.py", line 489, in thread_handler
    raise exc_info[1]
  File "C:\Users\HomePC4r\AppData\Local\Programs\Python\Python313\Lib\site-packages\django\core\handlers\exception.py", line 42, in inner
    response = await get_response(request)
               ^^^^^^^^^^^^^^^^^^^^^^^^^^^
  File "C:\Users\HomePC4r\AppData\Local\Programs\Python\Python313\Lib\site-packages\django\utils\deprecation.py", line 136, in __acall__
    response = response or await self.get_response(request)
                           ^^^^^^^^^^^^^^^^^^^^^^^^^^^^^^^^
  File "C:\Users\HomePC4r\AppData\Local\Programs\Python\Python313\Lib\site-packages\django\core\handlers\exception.py", line 44, in inner
    response = await sync_to_async(
               ^^^^^^^^^^^^^^^^^^^^
        response_for_exception, thread_sensitive=False
        ^^^^^^^^^^^^^^^^^^^^^^^^^^^^^^^^^^^^^^^^^^^^^^
    )(request, exc)
    ^^^^^^^^^^^^^^^
  File "C:\Users\HomePC4r\AppData\Local\Programs\Python\Python313\Lib\site-packages\asgiref\sync.py", line 439, in __call__
    ret = await asyncio.shield(exec_coro)
          ^^^^^^^^^^^^^^^^^^^^^^^^^^^^^^^
  File "C:\Users\HomePC4r\AppData\Local\Programs\Python\Python313\Lib\concurrent\futures\thread.py", line 59, in run
    result = self.fn(*self.args, **self.kwargs)
  File "C:\Users\HomePC4r\AppData\Local\Programs\Python\Python313\Lib\site-packages\asgiref\sync.py", line 491, in thread_handler
    return func(*args, **kwargs)
  File "C:\Users\HomePC4r\AppData\Local\Programs\Python\Python313\Lib\site-packages\django\core\handlers\exception.py", line 141, in response_for_exception
    response = handle_uncaught_exception(
        request, get_resolver(get_urlconf()), sys.exc_info()
    )
  File "C:\Users\HomePC4r\AppData\Local\Programs\Python\Python313\Lib\site-packages\django\core\handlers\exception.py", line 182, in handle_uncaught_exception
    return debug.technical_500_response(request, *exc_info)
           ~~~~~~~~~~~~~~~~~~~~~~~~~~~~^^^^^^^^^^^^^^^^^^^^
  File "C:\Users\HomePC4r\AppData\Local\Programs\Python\Python313\Lib\site-packages\django\views\debug.py", line 69, in technical_500_response
    html = reporter.get_traceback_html()
  File "C:\Users\HomePC4r\AppData\Local\Programs\Python\Python313\Lib\site-packages\django\views\debug.py", line 428, in get_traceback_html
    c = Context(self.get_traceback_data(), use_l10n=False)
                ~~~~~~~~~~~~~~~~~~~~~~~^^
  File "C:\Users\HomePC4r\AppData\Local\Programs\Python\Python313\Lib\site-packages\django\views\debug.py", line 411, in get_traceback_data
    c["raising_view_name"] = get_caller(self.request)
                             ~~~~~~~~~~^^^^^^^^^^^^^^
  File "C:\Users\HomePC4r\AppData\Local\Programs\Python\Python313\Lib\site-packages\django\views\debug.py", line 102, in get_caller
    resolver_match = resolve(request.path)
  File "C:\Users\HomePC4r\AppData\Local\Programs\Python\Python313\Lib\site-packages\django\urls\base.py", line 25, in resolve
    return get_resolver(urlconf).resolve(path)
           ~~~~~~~~~~~~~~~~~~~~~~~~~~~~~^^^^^^
  File "C:\Users\HomePC4r\AppData\Local\Programs\Python\Python313\Lib\site-packages\django\urls\resolvers.py", line 666, in resolve
    for pattern in self.url_patterns:
                   ^^^^^^^^^^^^^^^^^
  File "C:\Users\HomePC4r\AppData\Local\Programs\Python\Python313\Lib\site-packages\django\utils\functional.py", line 47, in __get__
    res = instance.__dict__[self.name] = self.func(instance)
                                         ~~~~~~~~~^^^^^^^^^^
  File "C:\Users\HomePC4r\AppData\Local\Programs\Python\Python313\Lib\site-packages\django\urls\resolvers.py", line 718, in url_patterns
    patterns = getattr(self.urlconf_module, "urlpatterns", self.urlconf_module)
                       ^^^^^^^^^^^^^^^^^^^
  File "C:\Users\HomePC4r\AppData\Local\Programs\Python\Python313\Lib\site-packages\django\utils\functional.py", line 47, in __get__
    res = instance.__dict__[self.name] = self.func(instance)
                                         ~~~~~~~~~^^^^^^^^^^
  File "C:\Users\HomePC4r\AppData\Local\Programs\Python\Python313\Lib\site-packages\django\urls\resolvers.py", line 711, in urlconf_module
    return import_module(self.urlconf_name)
  File "C:\Users\HomePC4r\AppData\Local\Programs\Python\Python313\Lib\importlib\__init__.py", line 88, in import_module
    return _bootstrap._gcd_import(name[level:], package, level)
           ~~~~~~~~~~~~~~~~~~~~~~^^^^^^^^^^^^^^^^^^^^^^^^^^^^^^
  File "<frozen importlib._bootstrap>", line 1387, in _gcd_import
  File "<frozen importlib._bootstrap>", line 1360, in _find_and_load
  File "<frozen importlib._bootstrap>", line 1331, in _find_and_load_unlocked
  File "<frozen importlib._bootstrap>", line 935, in _load_unlocked
  File "<frozen importlib._bootstrap_external>", line 1026, in exec_module
  File "<frozen importlib._bootstrap>", line 488, in _call_with_frames_removed
  File "D:\backend_luminan\myproject\urls.py", line 22, in <module>
    path('', include('myapp.urls')),
             ~~~~~~~^^^^^^^^^^^^^^
  File "C:\Users\HomePC4r\AppData\Local\Programs\Python\Python313\Lib\site-packages\django\urls\conf.py", line 39, in include
    urlconf_module = import_module(urlconf_module)
  File "C:\Users\HomePC4r\AppData\Local\Programs\Python\Python313\Lib\importlib\__init__.py", line 88, in import_module
    return _bootstrap._gcd_import(name[level:], package, level)
           ~~~~~~~~~~~~~~~~~~~~~~^^^^^^^^^^^^^^^^^^^^^^^^^^^^^^
  File "<frozen importlib._bootstrap>", line 1387, in _gcd_import
  File "<frozen importlib._bootstrap>", line 1360, in _find_and_load
  File "<frozen importlib._bootstrap>", line 1331, in _find_and_load_unlocked
  File "<frozen importlib._bootstrap>", line 935, in _load_unlocked
  File "<frozen importlib._bootstrap_external>", line 1026, in exec_module
  File "<frozen importlib._bootstrap>", line 488, in _call_with_frames_removed
  File "D:\backend_luminan\myapp\urls.py", line 265, in <module>
AttributeError: module 'myapp.views' has no attribute 'admin_total_sales'

During handling of the above exception, another exception occurred:

Traceback (most recent call last):
  File "C:\Users\HomePC4r\AppData\Local\Programs\Python\Python313\Lib\site-packages\asgiref\sync.py", line 489, in thread_handler
    raise exc_info[1]
  File "C:\Users\HomePC4r\AppData\Local\Programs\Python\Python313\Lib\site-packages\django\core\handlers\exception.py", line 42, in inner
    response = await get_response(request)
               ^^^^^^^^^^^^^^^^^^^^^^^^^^^
  File "C:\Users\HomePC4r\AppData\Local\Programs\Python\Python313\Lib\site-packages\django\utils\deprecation.py", line 136, in __acall__
    response = response or await self.get_response(request)
                           ^^^^^^^^^^^^^^^^^^^^^^^^^^^^^^^^
  File "C:\Users\HomePC4r\AppData\Local\Programs\Python\Python313\Lib\site-packages\django\core\handlers\exception.py", line 44, in inner
    response = await sync_to_async(
               ^^^^^^^^^^^^^^^^^^^^
        response_for_exception, thread_sensitive=False
        ^^^^^^^^^^^^^^^^^^^^^^^^^^^^^^^^^^^^^^^^^^^^^^
    )(request, exc)
    ^^^^^^^^^^^^^^^
  File "C:\Users\HomePC4r\AppData\Local\Programs\Python\Python313\Lib\site-packages\asgiref\sync.py", line 439, in __call__
    ret = await asyncio.shield(exec_coro)
          ^^^^^^^^^^^^^^^^^^^^^^^^^^^^^^^
  File "C:\Users\HomePC4r\AppData\Local\Programs\Python\Python313\Lib\concurrent\futures\thread.py", line 59, in run
    result = self.fn(*self.args, **self.kwargs)
  File "C:\Users\HomePC4r\AppData\Local\Programs\Python\Python313\Lib\site-packages\asgiref\sync.py", line 491, in thread_handler
    return func(*args, **kwargs)
  File "C:\Users\HomePC4r\AppData\Local\Programs\Python\Python313\Lib\site-packages\django\core\handlers\exception.py", line 141, in response_for_exception
    response = handle_uncaught_exception(
        request, get_resolver(get_urlconf()), sys.exc_info()
    )
  File "C:\Users\HomePC4r\AppData\Local\Programs\Python\Python313\Lib\site-packages\django\core\handlers\exception.py", line 182, in handle_uncaught_exception
    return debug.technical_500_response(request, *exc_info)
           ~~~~~~~~~~~~~~~~~~~~~~~~~~~~^^^^^^^^^^^^^^^^^^^^
  File "C:\Users\HomePC4r\AppData\Local\Programs\Python\Python313\Lib\site-packages\django\views\debug.py", line 69, in technical_500_response
    html = reporter.get_traceback_html()
  File "C:\Users\HomePC4r\AppData\Local\Programs\Python\Python313\Lib\site-packages\django\views\debug.py", line 428, in get_traceback_html
    c = Context(self.get_traceback_data(), use_l10n=False)
                ~~~~~~~~~~~~~~~~~~~~~~~^^
  File "C:\Users\HomePC4r\AppData\Local\Programs\Python\Python313\Lib\site-packages\django\views\debug.py", line 411, in get_traceback_data
    c["raising_view_name"] = get_caller(self.request)
                             ~~~~~~~~~~^^^^^^^^^^^^^^
  File "C:\Users\HomePC4r\AppData\Local\Programs\Python\Python313\Lib\site-packages\django\views\debug.py", line 102, in get_caller
    resolver_match = resolve(request.path)
  File "C:\Users\HomePC4r\AppData\Local\Programs\Python\Python313\Lib\site-packages\django\urls\base.py", line 25, in resolve
    return get_resolver(urlconf).resolve(path)
           ~~~~~~~~~~~~~~~~~~~~~~~~~~~~~^^^^^^
  File "C:\Users\HomePC4r\AppData\Local\Programs\Python\Python313\Lib\site-packages\django\urls\resolvers.py", line 666, in resolve
    for pattern in self.url_patterns:
                   ^^^^^^^^^^^^^^^^^
  File "C:\Users\HomePC4r\AppData\Local\Programs\Python\Python313\Lib\site-packages\django\utils\functional.py", line 47, in __get__
    res = instance.__dict__[self.name] = self.func(instance)
                                         ~~~~~~~~~^^^^^^^^^^
  File "C:\Users\HomePC4r\AppData\Local\Programs\Python\Python313\Lib\site-packages\django\urls\resolvers.py", line 718, in url_patterns
    patterns = getattr(self.urlconf_module, "urlpatterns", self.urlconf_module)
                       ^^^^^^^^^^^^^^^^^^^
  File "C:\Users\HomePC4r\AppData\Local\Programs\Python\Python313\Lib\site-packages\django\utils\functional.py", line 47, in __get__
    res = instance.__dict__[self.name] = self.func(instance)
                                         ~~~~~~~~~^^^^^^^^^^
  File "C:\Users\HomePC4r\AppData\Local\Programs\Python\Python313\Lib\site-packages\django\urls\resolvers.py", line 711, in urlconf_module
    return import_module(self.urlconf_name)
  File "C:\Users\HomePC4r\AppData\Local\Programs\Python\Python313\Lib\importlib\__init__.py", line 88, in import_module
    return _bootstrap._gcd_import(name[level:], package, level)
           ~~~~~~~~~~~~~~~~~~~~~~^^^^^^^^^^^^^^^^^^^^^^^^^^^^^^
  File "<frozen importlib._bootstrap>", line 1387, in _gcd_import
  File "<frozen importlib._bootstrap>", line 1360, in _find_and_load
  File "<frozen importlib._bootstrap>", line 1331, in _find_and_load_unlocked
  File "<frozen importlib._bootstrap>", line 935, in _load_unlocked
  File "<frozen importlib._bootstrap_external>", line 1026, in exec_module
  File "<frozen importlib._bootstrap>", line 488, in _call_with_frames_removed
  File "D:\backend_luminan\myproject\urls.py", line 22, in <module>
    path('', include('myapp.urls')),
             ~~~~~~~^^^^^^^^^^^^^^
  File "C:\Users\HomePC4r\AppData\Local\Programs\Python\Python313\Lib\site-packages\django\urls\conf.py", line 39, in include
    urlconf_module = import_module(urlconf_module)
  File "C:\Users\HomePC4r\AppData\Local\Programs\Python\Python313\Lib\importlib\__init__.py", line 88, in import_module
    return _bootstrap._gcd_import(name[level:], package, level)
           ~~~~~~~~~~~~~~~~~~~~~~^^^^^^^^^^^^^^^^^^^^^^^^^^^^^^
  File "<frozen importlib._bootstrap>", line 1387, in _gcd_import
  File "<frozen importlib._bootstrap>", line 1360, in _find_and_load
  File "<frozen importlib._bootstrap>", line 1331, in _find_and_load_unlocked
  File "<frozen importlib._bootstrap>", line 935, in _load_unlocked
  File "<frozen importlib._bootstrap_external>", line 1026, in exec_module
  File "<frozen importlib._bootstrap>", line 488, in _call_with_frames_removed
  File "D:\backend_luminan\myapp\urls.py", line 265, in <module>
AttributeError: module 'myapp.views' has no attribute 'admin_total_sales'

During handling of the above exception, another exception occurred:

Traceback (most recent call last):
  File "C:\Users\HomePC4r\AppData\Local\Programs\Python\Python313\Lib\site-packages\asgiref\sync.py", line 489, in thread_handler
    raise exc_info[1]
  File "C:\Users\HomePC4r\AppData\Local\Programs\Python\Python313\Lib\site-packages\django\core\handlers\exception.py", line 42, in inner
    response = await get_response(request)
               ^^^^^^^^^^^^^^^^^^^^^^^^^^^
  File "C:\Users\HomePC4r\AppData\Local\Programs\Python\Python313\Lib\site-packages\django\utils\deprecation.py", line 136, in __acall__
    response = response or await self.get_response(request)
                           ^^^^^^^^^^^^^^^^^^^^^^^^^^^^^^^^
  File "C:\Users\HomePC4r\AppData\Local\Programs\Python\Python313\Lib\site-packages\django\core\handlers\exception.py", line 44, in inner
    response = await sync_to_async(
               ^^^^^^^^^^^^^^^^^^^^
        response_for_exception, thread_sensitive=False
        ^^^^^^^^^^^^^^^^^^^^^^^^^^^^^^^^^^^^^^^^^^^^^^
    )(request, exc)
    ^^^^^^^^^^^^^^^
  File "C:\Users\HomePC4r\AppData\Local\Programs\Python\Python313\Lib\site-packages\asgiref\sync.py", line 439, in __call__
    ret = await asyncio.shield(exec_coro)
          ^^^^^^^^^^^^^^^^^^^^^^^^^^^^^^^
  File "C:\Users\HomePC4r\AppData\Local\Programs\Python\Python313\Lib\concurrent\futures\thread.py", line 59, in run
    result = self.fn(*self.args, **self.kwargs)
  File "C:\Users\HomePC4r\AppData\Local\Programs\Python\Python313\Lib\site-packages\asgiref\sync.py", line 491, in thread_handler
    return func(*args, **kwargs)
  File "C:\Users\HomePC4r\AppData\Local\Programs\Python\Python313\Lib\site-packages\django\core\handlers\exception.py", line 141, in response_for_exception
    response = handle_uncaught_exception(
        request, get_resolver(get_urlconf()), sys.exc_info()
    )
  File "C:\Users\HomePC4r\AppData\Local\Programs\Python\Python313\Lib\site-packages\django\core\handlers\exception.py", line 182, in handle_uncaught_exception
    return debug.technical_500_response(request, *exc_info)
           ~~~~~~~~~~~~~~~~~~~~~~~~~~~~^^^^^^^^^^^^^^^^^^^^
  File "C:\Users\HomePC4r\AppData\Local\Programs\Python\Python313\Lib\site-packages\django\views\debug.py", line 69, in technical_500_response
    html = reporter.get_traceback_html()
  File "C:\Users\HomePC4r\AppData\Local\Programs\Python\Python313\Lib\site-packages\django\views\debug.py", line 428, in get_traceback_html
    c = Context(self.get_traceback_data(), use_l10n=False)
                ~~~~~~~~~~~~~~~~~~~~~~~^^
  File "C:\Users\HomePC4r\AppData\Local\Programs\Python\Python313\Lib\site-packages\django\views\debug.py", line 411, in get_traceback_data
    c["raising_view_name"] = get_caller(self.request)
                             ~~~~~~~~~~^^^^^^^^^^^^^^
  File "C:\Users\HomePC4r\AppData\Local\Programs\Python\Python313\Lib\site-packages\django\views\debug.py", line 102, in get_caller
    resolver_match = resolve(request.path)
  File "C:\Users\HomePC4r\AppData\Local\Programs\Python\Python313\Lib\site-packages\django\urls\base.py", line 25, in resolve
    return get_resolver(urlconf).resolve(path)
           ~~~~~~~~~~~~~~~~~~~~~~~~~~~~~^^^^^^
  File "C:\Users\HomePC4r\AppData\Local\Programs\Python\Python313\Lib\site-packages\django\urls\resolvers.py", line 666, in resolve
    for pattern in self.url_patterns:
                   ^^^^^^^^^^^^^^^^^
  File "C:\Users\HomePC4r\AppData\Local\Programs\Python\Python313\Lib\site-packages\django\utils\functional.py", line 47, in __get__
    res = instance.__dict__[self.name] = self.func(instance)
                                         ~~~~~~~~~^^^^^^^^^^
  File "C:\Users\HomePC4r\AppData\Local\Programs\Python\Python313\Lib\site-packages\django\urls\resolvers.py", line 718, in url_patterns
    patterns = getattr(self.urlconf_module, "urlpatterns", self.urlconf_module)
                       ^^^^^^^^^^^^^^^^^^^
  File "C:\Users\HomePC4r\AppData\Local\Programs\Python\Python313\Lib\site-packages\django\utils\functional.py", line 47, in __get__
    res = instance.__dict__[self.name] = self.func(instance)
                                         ~~~~~~~~~^^^^^^^^^^
  File "C:\Users\HomePC4r\AppData\Local\Programs\Python\Python313\Lib\site-packages\django\urls\resolvers.py", line 711, in urlconf_module
    return import_module(self.urlconf_name)
  File "C:\Users\HomePC4r\AppData\Local\Programs\Python\Python313\Lib\importlib\__init__.py", line 88, in import_module
    return _bootstrap._gcd_import(name[level:], package, level)
           ~~~~~~~~~~~~~~~~~~~~~~^^^^^^^^^^^^^^^^^^^^^^^^^^^^^^
  File "<frozen importlib._bootstrap>", line 1387, in _gcd_import
  File "<frozen importlib._bootstrap>", line 1360, in _find_and_load
  File "<frozen importlib._bootstrap>", line 1331, in _find_and_load_unlocked
  File "<frozen importlib._bootstrap>", line 935, in _load_unlocked
  File "<frozen importlib._bootstrap_external>", line 1026, in exec_module
  File "<frozen importlib._bootstrap>", line 488, in _call_with_frames_removed
  File "D:\backend_luminan\myproject\urls.py", line 22, in <module>
    path('', include('myapp.urls')),
             ~~~~~~~^^^^^^^^^^^^^^
  File "C:\Users\HomePC4r\AppData\Local\Programs\Python\Python313\Lib\site-packages\django\urls\conf.py", line 39, in include
    urlconf_module = import_module(urlconf_module)
  File "C:\Users\HomePC4r\AppData\Local\Programs\Python\Python313\Lib\importlib\__init__.py", line 88, in import_module
    return _bootstrap._gcd_import(name[level:], package, level)
           ~~~~~~~~~~~~~~~~~~~~~~^^^^^^^^^^^^^^^^^^^^^^^^^^^^^^
  File "<frozen importlib._bootstrap>", line 1387, in _gcd_import
  File "<frozen importlib._bootstrap>", line 1360, in _find_and_load
  File "<frozen importlib._bootstrap>", line 1331, in _find_and_load_unlocked
  File "<frozen importlib._bootstrap>", line 935, in _load_unlocked
  File "<frozen importlib._bootstrap_external>", line 1026, in exec_module
  File "<frozen importlib._bootstrap>", line 488, in _call_with_frames_removed
  File "D:\backend_luminan\myapp\urls.py", line 265, in <module>
AttributeError: module 'myapp.views' has no attribute 'admin_total_sales'
Internal Server Error: /api/v1/driver/performance/
Internal Server Error: /api/v1/driver/performance/
Internal Server Error: /api/v1/driver/performance/
Internal Server Error: /api/v1/driver/performance/
Internal Server Error: /api/admin/orders/revenue/
Internal Server Error: /api/admin/users/
Internal Server Error: /api/admin/drivers/count/
Internal Server Error: /api/admin/sales/volume/
Internal Server Error: /api/admin/orders/details/
Internal Server Error: /api/admin/drivers/
Internal Server Error: /api/v1/driver/performance/
"GET /api/v1/driver/performance/?driver_id=68f7396a37b2e2059640b24f HTTP/1.1" 500 102
Internal Server Error: /api/v1/driver/performance/
"GET /api/v1/driver/performance/?driver_id=68f7396a37b2e2059640b24f HTTP/1.1" 500 102
Internal Server Error: /api/v1/driver/performance/
"GET /api/v1/driver/performance/?driver_id=68f7396a37b2e2059640b24f HTTP/1.1" 500 102
Internal Server Error: /api/v1/driver/performance/
"GET /api/v1/driver/performance/?driver_id=68f7396a37b2e2059640b24f HTTP/1.1" 500 102
Internal Server Error: /api/v1/driver/performance/
"GET /api/v1/driver/performance/?driver_id=68f7396a37b2e2059640b24f HTTP/1.1" 500 102
Internal Server Error: /api/v1/driver/performance/
"GET /api/v1/driver/performance/?driver_id=68f7396a37b2e2059640b24f HTTP/1.1" 500 102
Internal Server Error: /api/v1/driver/performance/
"GET /api/v1/driver/performance/?driver_id=68f7396a37b2e2059640b24f HTTP/1.1" 500 102
Internal Server Error: /api/v1/driver/performance/
"GET /api/v1/driver/performance/?driver_id=68f7396a37b2e2059640b24f HTTP/1.1" 500 102
Internal Server Error: /api/v1/driver/performance/
"GET /api/v1/driver/performance/?driver_id=68f7396a37b2e2059640b24f HTTP/1.1" 500 102
Internal Server Error: /api/v1chat-gpt/
"POST /api/v1chat-gpt/ HTTP/1.1" 500 487
Internal Server Error: /api/v1chat-gpt/
"POST /api/v1chat-gpt/ HTTP/1.1" 500 54
Internal Server Error: /api/v1chat-gpt/
"POST /api/v1chat-gpt/ HTTP/1.1" 500 487
Internal Server Error: /api/v1chat-gpt/
"POST /api/v1chat-gpt/ HTTP/1.1" 500 487
Internal Server Error: /api/v1chat-gpt/
"POST /api/v1chat-gpt/ HTTP/1.1" 500 487
Internal Server Error: /api/v1chat-gpt/
"POST /api/v1chat-gpt/ HTTP/1.1" 500 322
Internal Server Error: /api/v1chat-gpt/
Traceback (most recent call last):
  File "D:\backend_luminan\myapp\views.py", line 100, in chat_with_gpt
    response = openai.chat.completions.create(
        model="gpt-3.5-turbo",
        messages=[{"role": "user", "content": user_message}],
        temperature=0.7
    )
  File "C:\Users\HomePC4r\AppData\Local\Programs\Python\Python313\Lib\site-packages\openai\_utils\_utils.py", line 286, in wrapper
    return func(*args, **kwargs)
  File "C:\Users\HomePC4r\AppData\Local\Programs\Python\Python313\Lib\site-packages\openai\resources\chat\completions\completions.py", line 1156, in create
    return self._post(
           ~~~~~~~~~~^
        "/chat/completions",
        ^^^^^^^^^^^^^^^^^^^^
    ...<46 lines>...
        stream_cls=Stream[ChatCompletionChunk],
        ^^^^^^^^^^^^^^^^^^^^^^^^^^^^^^^^^^^^^^^
    )
    ^
  File "C:\Users\HomePC4r\AppData\Local\Programs\Python\Python313\Lib\site-packages\openai\_base_client.py", line 1259, in post
    return cast(ResponseT, self.request(cast_to, opts, stream=stream, stream_cls=stream_cls))
                           ~~~~~~~~~~~~^^^^^^^^^^^^^^^^^^^^^^^^^^^^^^^^^^^^^^^^^^^^^^^^^^^^^
  File "C:\Users\HomePC4r\AppData\Local\Programs\Python\Python313\Lib\site-packages\openai\_base_client.py", line 1047, in request
    raise self._make_status_error_from_response(err.response) from None
openai.RateLimitError: Error code: 429 - {'error': {'message': 'You exceeded your current quota, please check your plan and billing details. For more information on this error, read the docs: https://platform.openai.com/docs/guides/error-codes/api-errors.', 'type': 'insufficient_quota', 'param': None, 'code': 'insufficient_quota'}}

During handling of the above exception, another exception occurred:

Traceback (most recent call last):
  File "C:\Users\HomePC4r\AppData\Local\Programs\Python\Python313\Lib\site-packages\django\core\handlers\exception.py", line 55, in inner
    response = get_response(request)
  File "C:\Users\HomePC4r\AppData\Local\Programs\Python\Python313\Lib\site-packages\django\core\handlers\base.py", line 197, in _get_response
    response = wrapped_callback(request, *callback_args, **callback_kwargs)
  File "C:\Users\HomePC4r\AppData\Local\Programs\Python\Python313\Lib\site-packages\django\views\decorators\csrf.py", line 65, in _view_wrapper
    return view_func(request, *args, **kwargs)
  File "C:\Users\HomePC4r\AppData\Local\Programs\Python\Python313\Lib\site-packages\django\views\generic\base.py", line 105, in view
    return self.dispatch(request, *args, **kwargs)
           ~~~~~~~~~~~~~^^^^^^^^^^^^^^^^^^^^^^^^^^
  File "C:\Users\HomePC4r\AppData\Local\Programs\Python\Python313\Lib\site-packages\rest_framework\views.py", line 515, in dispatch
    response = self.handle_exception(exc)
  File "C:\Users\HomePC4r\AppData\Local\Programs\Python\Python313\Lib\site-packages\rest_framework\views.py", line 475, in handle_exception
    self.raise_uncaught_exception(exc)
    ~~~~~~~~~~~~~~~~~~~~~~~~~~~~~^^^^^
  File "C:\Users\HomePC4r\AppData\Local\Programs\Python\Python313\Lib\site-packages\rest_framework\views.py", line 486, in raise_uncaught_exception
    raise exc
  File "C:\Users\HomePC4r\AppData\Local\Programs\Python\Python313\Lib\site-packages\rest_framework\views.py", line 512, in dispatch
    response = handler(request, *args, **kwargs)
  File "C:\Users\HomePC4r\AppData\Local\Programs\Python\Python313\Lib\site-packages\rest_framework\decorators.py", line 50, in handler
    return func(*args, **kwargs)
  File "D:\backend_luminan\myapp\views.py", line 108, in chat_with_gpt
    except openai.error.RateLimitError as e:
           ^^^^^^^^^^^^
AttributeError: module 'openai' has no attribute 'error'
"POST /api/v1chat-gpt/ HTTP/1.1" 500 137334
Internal Server Error: /api/v1chat-gpt/
Traceback (most recent call last):
  File "D:\backend_luminan\myapp\views.py", line 100, in chat_with_gpt
    response = openai.chat.completions.create(
        model="gpt-3.5-turbo",
        messages=[{"role": "user", "content": user_message}],
        temperature=0.7
    )
  File "C:\Users\HomePC4r\AppData\Local\Programs\Python\Python313\Lib\site-packages\openai\_utils\_utils.py", line 286, in wrapper
    return func(*args, **kwargs)
  File "C:\Users\HomePC4r\AppData\Local\Programs\Python\Python313\Lib\site-packages\openai\resources\chat\completions\completions.py", line 1156, in create
    return self._post(
           ~~~~~~~~~~^
        "/chat/completions",
        ^^^^^^^^^^^^^^^^^^^^
    ...<46 lines>...
        stream_cls=Stream[ChatCompletionChunk],
        ^^^^^^^^^^^^^^^^^^^^^^^^^^^^^^^^^^^^^^^
    )
    ^
  File "C:\Users\HomePC4r\AppData\Local\Programs\Python\Python313\Lib\site-packages\openai\_base_client.py", line 1259, in post
    return cast(ResponseT, self.request(cast_to, opts, stream=stream, stream_cls=stream_cls))
                           ~~~~~~~~~~~~^^^^^^^^^^^^^^^^^^^^^^^^^^^^^^^^^^^^^^^^^^^^^^^^^^^^^
  File "C:\Users\HomePC4r\AppData\Local\Programs\Python\Python313\Lib\site-packages\openai\_base_client.py", line 1047, in request
    raise self._make_status_error_from_response(err.response) from None
openai.RateLimitError: Error code: 429 - {'error': {'message': 'You exceeded your current quota, please check your plan and billing details. For more information on this error, read the docs: https://platform.openai.com/docs/guides/error-codes/api-errors.', 'type': 'insufficient_quota', 'param': None, 'code': 'insufficient_quota'}}

During handling of the above exception, another exception occurred:

Traceback (most recent call last):
  File "C:\Users\HomePC4r\AppData\Local\Programs\Python\Python313\Lib\site-packages\django\core\handlers\exception.py", line 55, in inner
    response = get_response(request)
  File "C:\Users\HomePC4r\AppData\Local\Programs\Python\Python313\Lib\site-packages\django\core\handlers\base.py", line 197, in _get_response
    response = wrapped_callback(request, *callback_args, **callback_kwargs)
  File "C:\Users\HomePC4r\AppData\Local\Programs\Python\Python313\Lib\site-packages\django\views\decorators\csrf.py", line 65, in _view_wrapper
    return view_func(request, *args, **kwargs)
  File "C:\Users\HomePC4r\AppData\Local\Programs\Python\Python313\Lib\site-packages\django\views\generic\base.py", line 105, in view
    return self.dispatch(request, *args, **kwargs)
           ~~~~~~~~~~~~~^^^^^^^^^^^^^^^^^^^^^^^^^^
  File "C:\Users\HomePC4r\AppData\Local\Programs\Python\Python313\Lib\site-packages\rest_framework\views.py", line 515, in dispatch
    response = self.handle_exception(exc)
  File "C:\Users\HomePC4r\AppData\Local\Programs\Python\Python313\Lib\site-packages\rest_framework\views.py", line 475, in handle_exception
    self.raise_uncaught_exception(exc)
    ~~~~~~~~~~~~~~~~~~~~~~~~~~~~~^^^^^
  File "C:\Users\HomePC4r\AppData\Local\Programs\Python\Python313\Lib\site-packages\rest_framework\views.py", line 486, in raise_uncaught_exception
    raise exc
  File "C:\Users\HomePC4r\AppData\Local\Programs\Python\Python313\Lib\site-packages\rest_framework\views.py", line 512, in dispatch
    response = handler(request, *args, **kwargs)
  File "C:\Users\HomePC4r\AppData\Local\Programs\Python\Python313\Lib\site-packages\rest_framework\decorators.py", line 50, in handler
    return func(*args, **kwargs)
  File "D:\backend_luminan\myapp\views.py", line 108, in chat_with_gpt
    except openai.error.RateLimitError as e:
           ^^^^^^^^^^^^
AttributeError: module 'openai' has no attribute 'error'
"POST /api/v1chat-gpt/ HTTP/1.1" 500 137342
Internal Server Error: /api/v1chat-gpt/
"POST /api/v1chat-gpt/ HTTP/1.1" 500 322
Internal Server Error: /api/v1chat-gpt/
"POST /api/v1chat-gpt/ HTTP/1.1" 500 322
Internal Server Error: /api/v1/driver/register/
"POST /api/v1/driver/register/ HTTP/1.1" 500 54
Internal Server Error: /api/v1/driver/register/
"POST /api/v1/driver/register/ HTTP/1.1" 500 54
Internal Server Error: /api/v1/driver/performance/
"GET /api/v1/driver/performance/?driver_id=690093e1dc0bd9bbf3c3b868 HTTP/1.1" 500 102
Internal Server Error: /api/v1/driver/performance/
"GET /api/v1/driver/performance/?driver_id=690093e1dc0bd9bbf3c3b868 HTTP/1.1" 500 102
Internal Server Error: /api/v1/user/register/
"POST /api/v1/user/register/ HTTP/1.1" 500 84
Internal Server Error: /api/v1/user/login/
"POST /api/v1/user/login/ HTTP/1.1" 500 47
Internal Server Error: /api/v1/user/login/
"POST /api/v1/user/login/ HTTP/1.1" 500 47
Internal Server Error: /api/v1/user/login/
"POST /api/v1/user/login/ HTTP/1.1" 500 47
Internal Server Error: /api/v1/user/login/
"POST /api/v1/user/login/ HTTP/1.1" 500 47
Internal Server Error: /api/v1/user/register/
"POST /api/v1/user/register/ HTTP/1.1" 500 84
Internal Server Error: /api/v1/user/forgot-password/
"POST /api/v1/user/forgot-password/ HTTP/1.1" 500 67
Internal Server Error: /api/v1/user/forgot-password/
"POST /api/v1/user/forgot-password/ HTTP/1.1" 500 67
Internal Server Error: /api/v1/driver/register/
"POST //api/v1/driver/register/ HTTP/1.1" 500 54
Internal Server Error: /api/v1/driver/performance/
"GET //api/v1/driver/performance/?driver_id=6900bbc93c9f92a9882679b0 HTTP/1.1" 500 102
Internal Server Error: /api/v1/driver/performance/
"GET //api/v1/driver/performance/?driver_id=6900bbc93c9f92a9882679b0 HTTP/1.1" 500 102
Internal Server Error: /api/v1/driver/performance/
"GET //api/v1/driver/performance/?driver_id=6900bbc93c9f92a9882679b0 HTTP/1.1" 500 102
Internal Server Error: /api/v1/driver/performance/
"GET //api/v1/driver/performance/?driver_id=6900bbc93c9f92a9882679b0 HTTP/1.1" 500 102
Internal Server Error: /api/v1/driver/performance/
"GET //api/v1/driver/performance/?driver_id=6900bbc93c9f92a9882679b0 HTTP/1.1" 500 102
Internal Server Error: /api/v1/driver/performance/
"GET //api/v1/driver/performance/?driver_id=6900bbc93c9f92a9882679b0 HTTP/1.1" 500 102
Internal Server Error: /api/v1/driver/performance/
"GET //api/v1/driver/performance/?driver_id=6900bbc93c9f92a9882679b0 HTTP/1.1" 500 102
Internal Server Error: /api/v1/driver/performance/
"GET //api/v1/driver/performance/?driver_id=6900bbc93c9f92a9882679b0 HTTP/1.1" 500 102
Internal Server Error: /api/v1/driver/performance/
"GET //api/v1/driver/performance/?driver_id=6900bbc93c9f92a9882679b0 HTTP/1.1" 500 102
Internal Server Error: /api/v1/driver/performance/
"GET //api/v1/driver/performance/?driver_id=6900bbc93c9f92a9882679b0 HTTP/1.1" 500 102
Internal Server Error: /api/v1/driver/performance/
"GET //api/v1/driver/performance/?driver_id=6900bbc93c9f92a9882679b0 HTTP/1.1" 500 102
Internal Server Error: /api/v1/driver/performance/
"GET //api/v1/driver/performance/?driver_id=6900bbc93c9f92a9882679b0 HTTP/1.1" 500 102
Internal Server Error: /api/v1/driver/performance/
"GET //api/v1/driver/performance/?driver_id=6900bbc93c9f92a9882679b0 HTTP/1.1" 500 102
Internal Server Error: /api/v1/driver/performance/
"GET //api/v1/driver/performance/?driver_id=6900bbc93c9f92a9882679b0 HTTP/1.1" 500 102
Internal Server Error: /api/v1/driver/performance/
"GET /api/v1/driver/performance/?driver_id=68fa44a7edfa757ea19e0ed8 HTTP/1.1" 500 102
Internal Server Error: /api/v1/driver/performance/
"GET /api/v1/driver/performance/?driver_id=68fa44a7edfa757ea19e0ed8 HTTP/1.1" 500 102
Internal Server Error: /api/v1/driver/performance/
"GET /api/v1/driver/performance/?driver_id=68fa44a7edfa757ea19e0ed8 HTTP/1.1" 500 102
Internal Server Error: /api/v1/driver/performance/
"GET /api/v1/driver/performance/?driver_id=6900bbc93c9f92a9882679b0 HTTP/1.1" 500 102
Internal Server Error: /api/v1/driver/performance/
"GET /api/v1/driver/performance/?driver_id=6900bbc93c9f92a9882679b0 HTTP/1.1" 500 102
Internal Server Error: /api/v1/driver/performance/
"GET /api/v1/driver/performance/?driver_id=6900bbc93c9f92a9882679b0 HTTP/1.1" 500 102
Internal Server Error: /api/v1/driver/performance/
"GET /api/v1/driver/performance/?driver_id=6900bbc93c9f92a9882679b0 HTTP/1.1" 500 102
Internal Server Error: /api/v1/driver/performance/
"GET /api/v1/driver/performance/?driver_id=6900bbc93c9f92a9882679b0 HTTP/1.1" 500 102
Internal Server Error: /api/v1/driver/performance/
"GET /api/v1/driver/performance/?driver_id=6900bbc93c9f92a9882679b0 HTTP/1.1" 500 102
Internal Server Error: /api/v1/driver/performance/
"GET /api/v1/driver/performance/?driver_id=6900bbc93c9f92a9882679b0 HTTP/1.1" 500 102
Internal Server Error: /api/v1/driver/performance/
"GET /api/v1/driver/performance/?driver_id=6900bbc93c9f92a9882679b0 HTTP/1.1" 500 102
Internal Server Error: /api/v1/driver/performance/
"GET /api/v1/driver/performance/?driver_id=6900bbc93c9f92a9882679b0 HTTP/1.1" 500 102
You're accessing the development server over HTTPS, but it only supports HTTP.
You're accessing the development server over HTTPS, but it only supports HTTP.
You're accessing the development server over HTTPS, but it only supports HTTP.
You're accessing the development server over HTTPS, but it only supports HTTP.
Internal Server Error: /api/v1/driver/performance/
Internal Server Error: /api/v1/driver/performance/
Internal Server Error: /api/v1/driver/performance/
Internal Server Error: /api/v1/driver/performance/
Internal Server Error: /api/v1/driver/performance/
Internal Server Error: /api/v1/driver/performance/
Internal Server Error: /api/v1/driver/performance/
Internal Server Error: /api/v1/driver/performance/
Internal Server Error: /api/v1/driver/performance/
Internal Server Error: /api/v1/driver/performance/
Internal Server Error: /api/v1/driver/performance/
Internal Server Error: /api/v1/driver/performance/
Internal Server Error: /api/v1/driver/performance/
Internal Server Error: /api/v1/driver/performance/
Internal Server Error: /api/v1/driver/performance/
